Изображение;Цена;Марка;Модель;Страна марки;Страна сборки;Комплектация;Кузов;Места;Объём багажника;Длина;Ширина;Высота;Клиренс;Высота кузова;Безопасность;Двери;Топливо;Мощность;Разгон;Средний расход;Объём двигателя;Коробка;Привод;Круиз-контроль;Камеры;Сидения с подогревом (основные);Обогрев руля
Изображение;Дробное;Название;Название;Выбор;Выбор;Выбор;Выбор;Выбор;Целое;Целое;Целое;Целое;Целое;Целое;Выбор;Выбор;Выбор;Целое;Дробное;Дробное;Дробное;Выбор;Выбор;Выбор;Выбор;Выбор;Выбор
;₽;;;;;;;;л;мм;мм;мм;мм;мм;из 5;;;л.с.;с;л/100км;л;;;;;;
https://avatars.mds.yandex.net/get-verba/937147/2a00000168d1916a3873906b8fa5855b7bd0/cattouch;1243000;Toyota;Corolla;Япония;Турция;Стандарт;Седан;5;470;4630;1780;1435;150;1285;5;4;95;122;11;6,6;1,6;МКПП;Передний;Нет;Нет;Передние;Нет
https://avatars.mds.yandex.net/get-verba/937147/2a00000168d1916a3873906b8fa5855b7bd0/cattouch;1332000;Toyota;Corolla;Япония;Турция;Классик (МКП);Седан;5;470;4630;1780;1435;150;1285;5;4;95;122;11;6,6;1,6;МКПП;Передний;Нет;Нет;Передние;Есть
https://avatars.mds.yandex.net/get-verba/937147/2a00000168d1916a3873906b8fa5855b7bd0/cattouch;1388000;Toyota;Corolla;Япония;Турция;Классик (вариатор);Седан;5;470;4630;1780;1435;150;1285;5;4;95;122;10,8;6,3;1,6;Вариатор;Передний;Нет;Нет;Передние;Есть
https://avatars.mds.yandex.net/get-verba/937147/2a00000168d1916a3873906b8fa5855b7bd0/cattouch;1503000;Toyota;Corolla;Япония;Турция;Комфорт;Седан;5;470;4630;1780;1435;150;1285;5;4;95;122;10,8;6,3;1,6;Вариатор;Передний;Обычный;Заднего вида;Передние;Есть
https://avatars.mds.yandex.net/get-verba/937147/2a00000168d1916a3873906b8fa5855b7bd0/cattouch;1646000;Toyota;Corolla;Япония;Турция;Престиж;Седан;5;470;4630;1780;1435;150;1285;5;4;95;122;10,8;6,3;1,6;Вариатор;Передний;Обычный;Заднего вида;Все;Есть
https://avatars.mds.yandex.net/get-verba/937147/2a00000168d1916a3873906b8fa5855b7bd0/cattouch;1765000;Toyota;Corolla;Япония;Турция;Престиж Safety;Седан;5;470;4630;1780;1435;150;1285;5;4;95;122;10,8;6,3;1,6;Вариатор;Передний;Адаптивный;Заднего вида;Все;Есть
https://01.img.avito.st/640x480/7923730801.jpg;1654000;Toyota;Camry;Япония;Россия;Стандарт;Седан;5;493;4885;1840;1455;155;1300;5;4;92;150;11;7,1;2;АКПП;Передний;Нет;Нет;Передние;Нет
https://01.img.avito.st/640x480/7923730801.jpg;1732000;Toyota;Camry;Япония;Россия;Стандарт Плюс (2 л);Седан;5;493;4885;1840;1455;155;1300;5;4;92;150;11;7,1;2;АКПП;Передний;Обычный;Заднего вида;Передние;Нет
https://01.img.avito.st/640x480/7923730801.jpg;1846000;Toyota;Camry;Япония;Россия;Стандарт Плюс (2,5 л);Седан;5;493;4885;1840;1455;155;1300;5;4;92;150;11;7,1;2;АКПП;Передний;Обычный;Заднего вида;Передние;Нет
https://01.img.avito.st/640x480/7923730801.jpg;1812000;Toyota;Camry;Япония;Россия;Классик (2 л);Седан;5;493;4885;1840;1455;155;1300;5;4;92;181;9,9;8,3;2,5;АКПП;Передний;Обычный;Заднего вида;Передние;Нет
https://01.img.avito.st/640x480/7923730801.jpg;1926000;Toyota;Camry;Япония;Россия;Классик (2,5 л);Седан;5;493;4885;1840;1455;155;1300;5;4;92;181;9,9;8,3;2,5;АКПП;Передний;Обычный;Заднего вида;Передние;Нет
https://01.img.avito.st/640x480/7923730801.jpg;2041000;Toyota;Camry;Япония;Россия;Элеганс Safety;Седан;5;493;4885;1840;1455;155;1300;5;4;92;181;9,9;8,3;2,5;АКПП;Передний;Адаптивный;Заднего вида;Все;Есть
https://01.img.avito.st/640x480/7923730801.jpg;2148000;Toyota;Camry;Япония;Россия;S-Edition;Седан;5;493;4885;1840;1455;155;1300;5;4;92;181;9,9;8,3;2,5;АКПП;Передний;Адаптивный;Заднего вида;Все;Есть
https://01.img.avito.st/640x480/7923730801.jpg;2153000;Toyota;Camry;Япония;Россия;Престиж Safety;Седан;5;493;4885;1840;1455;155;1300;5;4;92;181;9,9;8,3;2,5;АКПП;Передний;Адаптивный;Заднего вида;Все;Есть
https://01.img.avito.st/640x480/7923730801.jpg;2285000;Toyota;Camry;Япония;Россия;Люкс Safety (2,5 л);Седан;5;469;4885;1840;1455;155;1300;5;4;92;181;9,9;8,3;2,5;АКПП;Передний;Адаптивный;Заднего вида;Все;Есть
https://01.img.avito.st/640x480/7923730801.jpg;2429000;Toyota;Camry;Япония;Россия;Люкс Safety (3,5 л);Седан;5;469;4885;1840;1455;155;1300;5;4;92;249;7,7;8,7;3,5;АКПП;Передний;Адаптивный;Заднего вида;Все;Есть
https://01.img.avito.st/640x480/7923730801.jpg;2604000;Toyota;Camry;Япония;Россия;Executive Safety;Седан;5;469;4885;1840;1455;155;1300;5;4;92;249;7,7;8,7;3,5;АКПП;Передний;Адаптивный;Круговой обзор;Все;Есть
https://auto.ironhorse.ru/wp-content/uploads/2018/06/CHR-front.jpg;2205000;Toyota;C-HR;Япония;Турция;COOL;Хетчбэк;5;297;4360;1795;1565;160;1405;5;5;92;116;11,4;6,6;1,2;Вариатор;Полный;Обычный;Заднего вида;Передние;Есть
https://auto.ironhorse.ru/wp-content/uploads/2018/06/CHR-front.jpg;1865000;Toyota;C-HR;Япония;Турция;HOT;Хетчбэк;5;297;4360;1795;1565;160;1405;5;5;92;148;11;6,9;2;Вариатор;Передний;Обычный;Заднего вида;Передние;Есть
https://88.img.avito.st/640x480/8114689788.jpg;1805000;Toyota;RAV4;Япония;Россия;Стандарт;Кроссовер;5;580;4600;1855;1685;195;1490;5;5;92;149;9,8;6,8;2;МКПП;Передний;Нет;Нет;Передние;Есть
https://88.img.avito.st/640x480/8114689788.jpg;2029000;Toyota;RAV4;Япония;Россия;Комфорт (2л, 2WD);Кроссовер;5;580;4600;1855;1685;195;1490;5;5;92;149;11;6,4;2;Вариатор;Передний;Обычный;Заднего вида;Передние;Есть
https://88.img.avito.st/640x480/8114689788.jpg;2135000;Toyota;RAV4;Япония;Россия;Комфорт (2л, 4WD);Кроссовер;5;580;4600;1855;1685;195;1490;5;5;92;149;11;6,6;2;Вариатор;Полный;Обычный;Заднего вида;Передние;Есть
https://88.img.avito.st/640x480/8114689788.jpg;2332000;Toyota;RAV4;Япония;Россия;Комфорт (2,5 л, 4WD);Кроссовер;5;580;4600;1855;1685;195;1490;5;5;92;199;8,5;7,2;2,5;АКПП;Полный;Обычный;Заднего вида;Передние;Есть
https://88.img.avito.st/640x480/8114689788.jpg;2339000;Toyota;RAV4;Япония;Россия;Престиж;Кроссовер;5;580;4600;1855;1685;195;1490;5;5;92;149;11;6,6;2;Вариатор;Полный;Обычный;Заднего вида;Все;Есть
https://88.img.avito.st/640x480/8114689788.jpg;2713000;Toyota;RAV4;Япония;Россия;Престиж Safety;Кроссовер;5;580;4600;1855;1685;195;1490;5;5;92;199;8,5;7,2;2,5;АКПП;Полный;Адаптивный;Круговой обзор;Все;Есть
https://upload.wikimedia.org/wikipedia/commons/thumb/8/82/2018_Toyota_Kluger_%28GSU55R%29_GXL_wagon_%282018-09-17%29_01.jpg/1200px-2018_Toyota_Kluger_%28GSU55R%29_GXL_wagon_%282018-09-17%29_01.jpg;3577000;Toyota;Highlander;Япония;США;Элеганс;Кроссовер;7;269;4890;1925;1770;200;1570;5;5;92;249;8,8;9,5;3,5;АКПП;Полный;Обычный;Заднего вида;Все;Есть
https://upload.wikimedia.org/wikipedia/commons/thumb/8/82/2018_Toyota_Kluger_%28GSU55R%29_GXL_wagon_%282018-09-17%29_01.jpg/1200px-2018_Toyota_Kluger_%28GSU55R%29_GXL_wagon_%282018-09-17%29_01.jpg;3725000;Toyota;Highlander;Япония;США;Престиж;Кроссовер;7;269;4890;1925;1770;200;1570;5;5;92;249;8,8;9,5;3,5;АКПП;Полный;Обычный;Заднего вида;Все;Есть
https://upload.wikimedia.org/wikipedia/commons/thumb/8/82/2018_Toyota_Kluger_%28GSU55R%29_GXL_wagon_%282018-09-17%29_01.jpg/1200px-2018_Toyota_Kluger_%28GSU55R%29_GXL_wagon_%282018-09-17%29_01.jpg;3875000;Toyota;Highlander;Япония;США;Люкс Safety;Кроссовер;7;269;4890;1925;1770;200;1570;5;5;92;249;8,8;9,5;3,5;АКПП;Полный;Адаптивный;Круговой обзор;Все;Есть
https://s.auto.drom.ru/i24214/c/photos/fullsize/toyota/fortuner/toyota_fortuner_760874.jpg;2306000;Toyota;Fortuner;Япония;Таиланд;Стандарт;Внедорожник;7;297;4795;1855;1835;225;1610;5;5;92;166;10,8;11,3;2,7;МКПП;Полный;Нет;Нет;Нет;Нет
https://s.auto.drom.ru/i24214/c/photos/fullsize/toyota/fortuner/toyota_fortuner_760874.jpg;2637000;Toyota;Fortuner;Япония;Таиланд;Комфорт;Внедорожник;7;297;4795;1855;1835;225;1610;5;5;92;166;10,8;11,3;2,7;АКПП;Полный;Нет;Заднего вида;Передние;Есть
https://s.auto.drom.ru/i24214/c/photos/fullsize/toyota/fortuner/toyota_fortuner_760874.jpg;2917000;Toyota;Fortuner;Япония;Таиланд;Элеганс;Внедорожник;7;297;4795;1855;1835;225;1610;5;5;ДТ;177;10,8;8,6;2,8;АКПП;Полный;Обычный;Заднего вида;Передние;Есть
https://s.auto.drom.ru/i24214/c/photos/fullsize/toyota/fortuner/toyota_fortuner_760874.jpg;3150000;Toyota;Fortuner;Япония;Таиланд;TRD;Внедорожник;7;297;4870;1855;1835;225;1610;5;5;ДТ;177;10,8;8,6;2,8;АКПП;Полный;Обычный;Заднего вида;Передние;Есть
https://s.auto.drom.ru/i24214/c/photos/fullsize/toyota/fortuner/toyota_fortuner_760874.jpg;3145000;Toyota;Fortuner;Япония;Таиланд;Престиж;Внедорожник;7;297;4795;1855;1835;225;1610;5;5;ДТ;177;10,8;8,6;2,8;АКПП;Полный;Обычный;Заднего вида;Передние;Есть
https://img1.autospot.ru/resize/801x-/toyota/land_cruiser_prado/788003/;2661000;Toyota;Land Cruiser Prado;Япония;Япония;Классик;Внедорожник;5;621;4840;1885;1845;215;1630;5;5;92;163;13,8;11,3;2,7;МКПП;Полный;Нет;Нет;Нет;Нет
https://img1.autospot.ru/resize/801x-/toyota/land_cruiser_prado/788003/;2908000;Toyota;Land Cruiser Prado;Япония;Япония;Стандарт (МКП);Внедорожник;5;621;4840;1885;1845;215;1630;5;5;92;163;13,8;11,3;2,7;МКПП;Полный;Нет;Нет;Передние;Нет
https://img1.autospot.ru/resize/801x-/toyota/land_cruiser_prado/788003/;3010000;Toyota;Land Cruiser Prado;Япония;Япония;Стандарт (АКП);Внедорожник;5;621;4840;1885;1845;215;1630;5;5;92;163;13,9;11,7;2,7;АКПП;Полный;Обычный;Заднего вида;Передние;Нет
https://img1.autospot.ru/resize/801x-/toyota/land_cruiser_prado/788003/;3399000;Toyota;Land Cruiser Prado;Япония;Япония;Комфорт;Внедорожник;5;621;4840;1885;1845;215;1630;5;5;ДТ;177;12,7;7,4;2,8;АКПП;Полный;Обычный;Заднего вида;Передние;Нет
https://img1.autospot.ru/resize/801x-/toyota/land_cruiser_prado/788003/;3714000;Toyota;Land Cruiser Prado;Япония;Япония;Элеганс (2,8 л);Внедорожник;5;621;4840;1885;1845;215;1630;5;5;ДТ;177;12,7;7,4;2,8;АКПП;Полный;Обычный;Заднего вида;Передние;Есть
https://img1.autospot.ru/resize/801x-/toyota/land_cruiser_prado/788003/;3762000;Toyota;Land Cruiser Prado;Япония;Япония;Элеганс (4,0 л);Внедорожник;5;621;4840;1885;1845;215;1630;5;5;95;249;8,8;10,6;4;АКПП;Полный;Обычный;Заднего вида;Передние;Есть
https://img1.autospot.ru/resize/801x-/toyota/land_cruiser_prado/788003/;3897000;Toyota;Land Cruiser Prado;Япония;Япония;STYLE;Внедорожник;5;621;4840;1885;1845;215;1630;5;5;ДТ;177;12,7;7,4;2,8;АКПП;Полный;Обычный;Заднего вида;Передние;Есть
https://img1.autospot.ru/resize/801x-/toyota/land_cruiser_prado/788003/;4028000;Toyota;Land Cruiser Prado;Япония;Япония;Престиж (2,8 л);Внедорожник;5;621;4840;1885;1845;215;1630;5;5;ДТ;177;12,7;7,4;2,8;АКПП;Полный;Обычный;Круговой обзор;Все;Есть
https://img1.autospot.ru/resize/801x-/toyota/land_cruiser_prado/788003/;4076000;Toyota;Land Cruiser Prado;Япония;Япония;Престиж (4,0 л);Внедорожник;5;621;4840;1885;1845;215;1630;5;5;95;249;8,8;10,6;4;АКПП;Полный;Обычный;Круговой обзор;Все;Есть
https://img1.autospot.ru/resize/801x-/toyota/land_cruiser_prado/788003/;4181000;Toyota;Land Cruiser Prado;Япония;Япония;TRD (2,8 л);Внедорожник;5;621;4840;1885;1845;215;1630;5;5;ДТ;177;12,7;7,4;2,8;АКПП;Полный;Обычный;Круговой обзор;Все;Есть
https://img1.autospot.ru/resize/801x-/toyota/land_cruiser_prado/788003/;4229000;Toyota;Land Cruiser Prado;Япония;Япония;TRD (4,0 л);Внедорожник;5;621;4840;1885;1845;215;1630;5;5;95;249;8,8;10,6;4;АКПП;Полный;Обычный;Круговой обзор;Все;Есть
https://img1.autospot.ru/resize/801x-/toyota/land_cruiser_prado/788003/;4432000;Toyota;Land Cruiser Prado;Япония;Япония;Люкс Safety (5 мест, 2,8 л);Внедорожник;5;621;4840;1885;1845;215;1630;5;5;ДТ;177;12,7;7,4;2,8;АКПП;Полный;Адаптивный;Круговой обзор;Все;Есть
https://img1.autospot.ru/resize/801x-/toyota/land_cruiser_prado/788003/;4480000;Toyota;Land Cruiser Prado;Япония;Япония;Люкс Safety (5 мест, 4,0 л);Внедорожник;5;621;4840;1885;1845;215;1630;5;5;95;249;8,8;10,6;4;АКПП;Полный;Адаптивный;Круговой обзор;Все;Есть
https://img1.autospot.ru/resize/801x-/toyota/land_cruiser_prado/788003/;4503000;Toyota;Land Cruiser Prado;Япония;Япония;Люкс Safety (7 мест, 2,8 л);Внедорожник;7;104;4840;1885;1845;215;1630;5;5;ДТ;177;12,7;7,4;2,8;АКПП;Полный;Адаптивный;Круговой обзор;Все;Есть
https://img1.autospot.ru/resize/801x-/toyota/land_cruiser_prado/788003/;4551000;Toyota;Land Cruiser Prado;Япония;Япония;Люкс Safety (7 мест, 4,0 л);Внедорожник;7;104;4840;1885;1845;215;1630;5;5;95;249;8,8;10,6;4;АКПП;Полный;Адаптивный;Круговой обзор;Все;Есть
https://t1-cms-ru.images.toyota-europe.com/toyotaone/ruru/854x480_renewed-lc-200_tcm-3020-1763464.jpg;4985000;Toyota;Land Cruiser 200;Япония;Япония;Элеганс (бензин);Внедорожник;5;909;4950;1970;1950;225;1725;5;5;92;309;8,6;13,9;4,6;АКПП;Полный;Обычный;Заднего вида;Все;Есть
https://t1-cms-ru.images.toyota-europe.com/toyotaone/ruru/854x480_renewed-lc-200_tcm-3020-1763464.jpg;5153000;Toyota;Land Cruiser 200;Япония;Япония;Элеганс (дизель);Внедорожник;5;909;4950;1970;1950;225;1725;5;5;ДТ;249;8,9;10,2;4,5;АКПП;Полный;Обычный;Заднего вида;Все;Есть
https://t1-cms-ru.images.toyota-europe.com/toyotaone/ruru/854x480_renewed-lc-200_tcm-3020-1763464.jpg;5299000;Toyota;Land Cruiser 200;Япония;Япония;Престиж (бензин);Внедорожник;5;909;4950;1970;1950;225;1725;5;5;92;309;8,6;13,9;4,6;АКПП;Полный;Обычный;Круговой обзор;Все;Есть
https://t1-cms-ru.images.toyota-europe.com/toyotaone/ruru/854x480_renewed-lc-200_tcm-3020-1763464.jpg;5458000;Toyota;Land Cruiser 200;Япония;Япония;Престиж (дизель);Внедорожник;5;909;4950;1970;1950;225;1725;5;5;ДТ;249;8,9;10,2;4,5;АКПП;Полный;Обычный;Круговой обзор;Все;Есть
https://t1-cms-ru.images.toyota-europe.com/toyotaone/ruru/854x480_renewed-lc-200_tcm-3020-1763464.jpg;5630000;Toyota;Land Cruiser 200;Япония;Япония;Люкс Safety (5 мест, бензин);Внедорожник;5;909;4950;1970;1950;225;1725;5;5;92;309;8,6;13,9;4,6;АКПП;Полный;Адаптивный;Круговой обзор;Все;Есть
https://t1-cms-ru.images.toyota-europe.com/toyotaone/ruru/854x480_renewed-lc-200_tcm-3020-1763464.jpg;5772000;Toyota;Land Cruiser 200;Япония;Япония;Люкс Safety (5 мест, дизель);Внедорожник;5;909;4950;1970;1950;225;1725;5;5;ДТ;249;8,9;10,2;4,5;АКПП;Полный;Адаптивный;Круговой обзор;Все;Есть
https://t1-cms-ru.images.toyota-europe.com/toyotaone/ruru/854x480_renewed-lc-200_tcm-3020-1763464.jpg;5582000;Toyota;Land Cruiser 200;Япония;Япония;Люкс Safety (7 мест, бензин);Внедорожник;7;259;4950;1970;1950;225;1725;5;5;92;309;8,6;13,9;4,6;АКПП;Полный;Адаптивный;Круговой обзор;Все;Есть
https://t1-cms-ru.images.toyota-europe.com/toyotaone/ruru/854x480_renewed-lc-200_tcm-3020-1763464.jpg;5752000;Toyota;Land Cruiser 200;Япония;Япония;Люкс Safety (7 мест, дизель);Внедорожник;7;259;4950;1970;1950;225;1725;5;5;ДТ;249;8,9;10,2;4,5;АКПП;Полный;Адаптивный;Круговой обзор;Все;Есть
https://t1-cms-ru.images.toyota-europe.com/toyotaone/ruru/854x480_renewed-lc-200_tcm-3020-1763464.jpg;5979000;Toyota;Land Cruiser 200;Япония;Япония;TRD (бензин);Внедорожник;5;909;4950;1970;1950;225;1725;5;5;92;309;8,6;13,9;4,6;АКПП;Полный;Адаптивный;Круговой обзор;Все;Есть
https://t1-cms-ru.images.toyota-europe.com/toyotaone/ruru/854x480_renewed-lc-200_tcm-3020-1763464.jpg;6128000;Toyota;Land Cruiser 200;Япония;Япония;TRD (дизель);Внедорожник;5;909;4950;1970;1950;225;1725;5;5;ДТ;249;8,9;10,2;4,5;АКПП;Полный;Адаптивный;Круговой обзор;Все;Есть
https://t1-cms-ru.images.toyota-europe.com/toyotaone/ruru/854x480_renewed-lc-200_tcm-3020-1763464.jpg;6119000;Toyota;Land Cruiser 200;Япония;Япония;Executive Lounge (бензин);Внедорожник;5;909;4950;1970;1950;225;1725;5;5;92;309;8,6;13,9;4,6;АКПП;Полный;Адаптивный;Круговой обзор;Все;Есть
https://t1-cms-ru.images.toyota-europe.com/toyotaone/ruru/854x480_renewed-lc-200_tcm-3020-1763464.jpg;6258000;Toyota;Land Cruiser 200;Япония;Япония;Executive Lounge (дизель);Внедорожник;5;909;4950;1970;1950;225;1725;5;5;ДТ;249;8,9;10,2;4,5;АКПП;Полный;Адаптивный;Круговой обзор;Все;Есть
https://d8a6a33f-3369-444b-9b5f-793c13ff0708.selcdn.net/media/common/car_slider_item_v3/tradeins.space/uploads/photo/2674078/fe873f80f928cd4057c821eb342b0ba3.png?v129;2382000;Toyota;Hilux;Япония;Таиланд;Стандарт;Пикап;5;1053;5330;1855;1815;227;1588;5;4;ДТ;150;13,3;7,3;2,4;МКПП;Полный;Нет;Нет;Передние;Нет
https://d8a6a33f-3369-444b-9b5f-793c13ff0708.selcdn.net/media/common/car_slider_item_v3/tradeins.space/uploads/photo/2674078/fe873f80f928cd4057c821eb342b0ba3.png?v130;2545000;Toyota;Hilux;Япония;Таиланд;Комфорт (МКП);Пикап;5;1053;5330;1855;1815;227;1588;5;4;ДТ;150;13,3;7,3;2,4;МКПП;Полный;Обычный;Заднего вида;Передние;Есть
https://d8a6a33f-3369-444b-9b5f-793c13ff0708.selcdn.net/media/common/car_slider_item_v3/tradeins.space/uploads/photo/2674078/fe873f80f928cd4057c821eb342b0ba3.png?v131;2691000;Toyota;Hilux;Япония;Таиланд;Комфорт (АКП);Пикап;5;1053;5330;1855;1815;227;1588;5;4;ДТ;177;12;8,5;2,8;АКПП;Полный;Обычный;Заднего вида;Передние;Есть
https://d8a6a33f-3369-444b-9b5f-793c13ff0708.selcdn.net/media/common/car_slider_item_v3/tradeins.space/uploads/photo/2674078/fe873f80f928cd4057c821eb342b0ba3.png?v132;2884000;Toyota;Hilux;Япония;Таиланд;Престиж;Пикап;5;1053;5330;1855;1815;227;1588;5;4;ДТ;177;12;8,5;2,8;АКПП;Полный;Обычный;Заднего вида;Передние;Есть
https://d8a6a33f-3369-444b-9b5f-793c13ff0708.selcdn.net/media/common/car_slider_item_v3/tradeins.space/uploads/photo/2674078/fe873f80f928cd4057c821eb342b0ba3.png?v133;2947000;Toyota;Hilux;Япония;Таиланд;Exclusive Black;Пикап;5;1053;5330;1855;1815;227;1588;5;4;ДТ;177;12;8,5;2,8;АКПП;Полный;Обычный;Заднего вида;Передние;Есть
https://d8a6a33f-3369-444b-9b5f-793c13ff0708.selcdn.net/uploads/projects/toyota_tradedealer/uploads/images/1-7_2_tcm-3020-1287254.jpg;4868000;Toyota;Alphard;Япония;Япония;Престиж;Минивэн;7;1900;4945;1850;1945;160;1785;5;5;95;300;8,3;10,5;3,5;АКПП;Передний;Обычный;Заднего вида;Все;Есть
https://d8a6a33f-3369-444b-9b5f-793c13ff0708.selcdn.net/uploads/projects/toyota_tradedealer/uploads/images/1-7_2_tcm-3020-1287254.jpg;4782000;Toyota;Alphard;Япония;Япония;Люкс;Минивэн;7;1900;4945;1850;1945;160;1785;5;5;95;300;8,3;10,5;3,5;АКПП;Передний;Обычный;Заднего вида;Все;Есть
https://d8a6a33f-3369-444b-9b5f-793c13ff0708.selcdn.net/uploads/projects/toyota_tradedealer/uploads/images/1-7_2_tcm-3020-1287254.jpg;4514000;Toyota;Alphard;Япония;Япония;Executive Lounge;Минивэн;7;1900;4945;1850;1945;160;1785;5;5;95;300;8,3;10,5;3,5;АКПП;Передний;Обычный;Заднего вида;Все;Есть
https://t1-cms-ru.images.toyota-europe.com/toyotaone/ruru/sw2-2_tcm-3020-1777371.jpg;3111000;Toyota;Hiace;Япония;Япония;Стандарт;Микроавтобус;13;844;5915;1950;2280;185;2095;5;4;ДТ;150;20,7;8,7;2,8;АКПП;Задний;Нет;Нет;Нет;Нет
https://t1-cms-ru.images.toyota-europe.com/toyotaone/ruru/sw2-2_tcm-3020-1777371.jpg;3756000;Toyota;Hiace;Япония;Япония;Элеганс;Микроавтобус;9;844;5915;1950;2280;185;2095;5;5;ДТ;150;20,7;8,7;2,8;АКПП;Задний;Обычный;Заднего вида;Нет;Нет
https://t1-cms-ru.images.toyota-europe.com/toyotaone/ruru/sw2-2_tcm-3020-1777371.jpg;3954000;Toyota;Hiace;Япония;Япония;Престиж Safety;Микроавтобус;9;844;5915;1950;2280;185;2095;5;5;ДТ;150;20,7;8,7;2,8;АКПП;Задний;Адаптивный;Заднего вида;Нет;Нет
https://icdn2.digitaltrends.com/image/digitaltrends/2020_toyotasupra_fw2.jpg;4934000;Toyota;GR Supra;Япония;Австрия;Passion;Купе;2;290;4379;1854;1292;130;1162;н/д;2;95;340;4,3;7,7;3;АКПП;Задний;Адаптивный;Заднего вида;Все;Нет
https://icdn2.digitaltrends.com/image/digitaltrends/2020_toyotasupra_fw2.jpg;5092000;Toyota;GR Supra;Япония;Австрия;A90 Edition;Купе;2;290;4379;1854;1292;130;1162;н/д;2;95;340;4,3;7,7;3;АКПП;Задний;Адаптивный;Заднего вида;Все;Нет
https://images.lexus-europe.com/ru/NX/NX%20200%20FWD/NX%20200%20Standard/width/740/height/340/scale-mode/0/padding/0,0/day-exterior-4_212.png;2599000;Lexus;NX 200;Япония;Япония;Standard;Кроссовер;5;500;4640;1845;1645;185;1460;5;5;92;150;12,3;7,2;2;Вариатор;Передний;Обычный;Нет;Передние;Есть
https://www.major-auto.ru/images/models/lexus/nx/12960/12960_medium.jpg;2699000;Lexus;NX 200 AWD;Япония;Япония;Standard;Кроссовер;5;500;4640;1845;1645;185;1460;5;5;92;150;12,3;7,2;2;Вариатор;Полный;Обычный;Нет;Передние;Есть
https://www.major-auto.ru/images/models/lexus/nx/12960/12960_medium.jpg;2877000;Lexus;NX 200 AWD;Япония;Япония;Black vision;Кроссовер;5;500;4640;1845;1645;185;1460;5;5;92;150;12,3;7,2;2;Вариатор;Полный;Обычный;Заднего вида;Передние;Есть
https://www.major-auto.ru/images/models/lexus/nx/12960/12960_medium.jpg;2975000;Lexus;NX 200 AWD;Япония;Япония;Progressive;Кроссовер;5;500;4640;1845;1645;185;1460;5;5;92;150;12,3;7,2;2;Вариатор;Полный;Обычный;Заднего вида;Передние;Есть
https://www.major-auto.ru/images/models/lexus/nx/12960/12960_medium.jpg;3155000;Lexus;NX 200 AWD;Япония;Япония;Luxury;Кроссовер;5;500;4640;1845;1645;185;1460;5;5;92;150;12,3;7,2;2;Вариатор;Полный;Обычный;Заднего вида;Передние;Есть
https://s.auto.drom.ru/i24208/c/photos/fullsize/lexus/nx300/lexus_nx300_708488.jpg;3153000;Lexus;NX 300 AWD;Япония;Япония;Progressive;Кроссовер;5;500;4640;1845;1645;190;1455;5;5;95;238;7,1;7,9;2;АКПП;Полный;Обычный;Заднего вида;Передние;Есть
https://s.auto.drom.ru/i24208/c/photos/fullsize/lexus/nx300/lexus_nx300_708488.jpg;3305000;Lexus;NX 300 AWD;Япония;Япония;Premium;Кроссовер;5;500;4640;1845;1645;190;1455;5;5;95;238;7,1;7,9;2;АКПП;Полный;Обычный;Заднего вида;Передние;Есть
https://s.auto.drom.ru/i24208/c/photos/fullsize/lexus/nx300/lexus_nx300_708488.jpg;3690000;Lexus;NX 300 AWD;Япония;Япония;Exclusive 2;Кроссовер;5;500;4640;1845;1645;190;1455;5;5;95;238;7,1;7,9;2;АКПП;Полный;Обычный;Круговой обзор;Все;Есть
https://s.auto.drom.ru/i24208/c/photos/fullsize/lexus/nx300/lexus_nx300_708488.jpg;3776000;Lexus;NX 300 AWD;Япония;Япония;F SPORT Luxury;Кроссовер;5;500;4640;1845;1645;190;1455;5;5;95;238;7,1;7,9;2;АКПП;Полный;Обычный;Круговой обзор;Передние;Есть
https://s.auto.drom.ru/i24208/c/photos/fullsize/lexus/nx300/lexus_nx300_708488.jpg;3863000;Lexus;NX 300 AWD;Япония;Япония;Exclusive 2 Safety;Кроссовер;5;500;4640;1845;1645;190;1455;5;5;95;238;7,1;7,9;2;АКПП;Полный;Адаптивный;Круговой обзор;Все;Есть
https://topgearrussia.ru/data/topgear/preview/2014-06/10/image-1671fb85-640x400.jpg;3578000;Lexus;NX 300h AWD;Япония;Япония;Executive;Кроссовер;5;475;4640;1845;1645;185;1460;5;5;92;155;9,2;5,4;2,5;Вариатор;Полный;Обычный;Заднего вида;Передние;Есть
https://topgearrussia.ru/data/topgear/preview/2014-06/10/image-1671fb85-640x400.jpg;4312000;Lexus;NX 300h AWD;Япония;Япония;Exclusive;Кроссовер;5;475;4640;1845;1645;185;1460;5;5;92;155;9,2;5,4;2,5;Вариатор;Полный;Обычный;Круговой обзор;Все;Есть
https://images.lexus-europe.com/ru/RX/RX%20300%20AWD/Executive/width/740/height/340/scale-mode/0/padding/0,0/day-exterior-4_1J7.png;3660000;Lexus;RX 300 AWD;Япония;Япония;Executive;Кроссовер;5;506;4890;1895;1710;200;1510;5;5;95;238;9,5;7,9;2;АКПП;Полный;Обычный;Заднего вида;Все;Есть
https://images.lexus-europe.com/ru/RX/RX%20300%20AWD/Executive/width/740/height/340/scale-mode/0/padding/0,0/day-exterior-4_1J7.png;3948000;Lexus;RX 300 AWD;Япония;Япония;Premium;Кроссовер;5;506;4890;1895;1710;200;1510;5;5;95;238;9,5;7,9;2;АКПП;Полный;Обычный;Заднего вида;Все;Есть
https://images.lexus-europe.com/ru/RX/RX%20300%20AWD/Executive/width/740/height/340/scale-mode/0/padding/0,0/day-exterior-4_1J7.png;4370000;Lexus;RX 300 AWD;Япония;Япония;F SPORT;Кроссовер;5;506;4890;1895;1710;200;1510;5;5;95;238;9,5;7,9;2;АКПП;Полный;Обычный;Заднего вида;Все;Есть
https://images.lexus-europe.com/ru/RX/RX%20300%20AWD/Executive/width/740/height/340/scale-mode/0/padding/0,0/day-exterior-4_1J7.png;4605000;Lexus;RX 300 AWD;Япония;Япония;Luxury;Кроссовер;5;506;4890;1895;1710;200;1510;5;5;95;238;9,5;7,9;2;АКПП;Полный;Адаптивный;Круговой обзор;Все;Есть
https://s.auto.drom.ru/i24234/c/photos/fullsize/lexus/rx350/lexus_rx350_897844.jpg;4373000;Lexus;RX 350 AWD;Япония;Япония;Premium;Кроссовер;5;506;4890;1895;1705;200;1505;5;5;95;299;8,2;9;3,5;АКПП;Полный;Обычный;Заднего вида;Все;Есть
https://s.auto.drom.ru/i24234/c/photos/fullsize/lexus/rx350/lexus_rx350_897844.jpg;4795000;Lexus;RX 350 AWD;Япония;Япония;F SPORT;Кроссовер;5;506;4890;1895;1705;200;1505;5;5;95;299;8,2;9;3,5;АКПП;Полный;Обычный;Заднего вида;Все;Есть
https://s.auto.drom.ru/i24234/c/photos/fullsize/lexus/rx350/lexus_rx350_897844.jpg;5036000;Lexus;RX 350 AWD;Япония;Япония;Luxury;Кроссовер;5;506;4890;1895;1705;200;1505;5;5;95;299;8,2;9;3,5;АКПП;Полный;Адаптивный;Круговой обзор;Все;Есть
https://s.auto.drom.ru/i24207/c/photos/fullsize/lexus/rx450h/lexus_rx450h_691732.jpg;5826000;Lexus;RX 450h;Япония;Япония;Luxury;Кроссовер;5;506;4890;1895;1705;200;1505;5;5;95;262;7,7;5,3;3,5;Вариатор;Полный;Адаптивный;Круговой обзор;Все;Есть
https://images.lexus-europe.com/ru/RX/RX%20300%20AWD/Executive/width/740/height/340/scale-mode/0/padding/0,0/day-exterior-4_1J7.png;3565000;Lexus;RX 300;Япония;Япония;Executive;Кроссовер;5;506;4890;1895;1705;200;1505;5;5;95;238;9,2;7,8;2;АКПП;Передний;Обычный;Заднего вида;Все;Есть
https://www.major-auto.ru/images/models/lexus/rx%20l%20restyle/26407/26407_medium.jpg;4512000;Lexus;RX 350L AWD;Япония;Япония;Premium;Кроссовер;7;591;5000;1895;1720;200;1520;5;5;95;294;8,1;10,2;3,5;АКПП;Полный;Обычный;Заднего вида;Все;Есть
https://www.major-auto.ru/images/models/lexus/rx%20l%20restyle/26407/26407_medium.jpg;5293000;Lexus;RX 350L AWD;Япония;Япония;Luxury;Кроссовер;7;591;5000;1895;1720;200;1520;5;5;95;294;8,1;10,2;3,5;АКПП;Полный;Адаптивный;Круговой обзор;Все;Есть
https://autoreview.ru/images/Article/1681/Article_168113_860_575.jpg;4758000;Lexus;GX 460;Япония;Япония;Executive 5;Внедорожник;5;621;4880;1885;1885;175;1710;н/д;5;95;296;8,3;12,8;4,6;АКПП;Полный;Обычный;Заднего вида;Передние;Есть
https://autoreview.ru/images/Article/1681/Article_168113_860_575.jpg;4861000;Lexus;GX 460;Япония;Япония;Executive Sport 5;Внедорожник;5;621;4880;1885;1885;175;1710;н/д;5;95;296;8,3;12,8;4,6;АКПП;Полный;Обычный;Заднего вида;Передние;Есть
https://autoreview.ru/images/Article/1681/Article_168113_860_575.jpg;5185000;Lexus;GX 460;Япония;Япония;Premium;Внедорожник;5;621;4880;1885;1885;175;1710;н/д;5;95;296;8,3;12,8;4,6;АКПП;Полный;Адаптивный;Круговой обзор;Все;Есть
https://autoreview.ru/images/Article/1681/Article_168113_860_575.jpg;5288000;Lexus;GX 460;Япония;Япония;Premium Sport;Внедорожник;5;621;4880;1885;1885;175;1710;н/д;5;95;296;8,3;12,8;4,6;АКПП;Полный;Адаптивный;Круговой обзор;Все;Есть
https://s.auto.drom.ru/img5/catalog/photos/fullsize/lexus/lx450d/lexus_lx450d_258106.jpg;6665000;Lexus;LX 450d;Япония;Япония;Executive;Внедорожник;5;701;5065;1980;1910;225;1685;н/д;5;ДТ;272;8,6;9,5;4,5;АКПП;Полный;Обычный;Круговой обзор;Все;Есть
https://s.auto.drom.ru/img5/catalog/photos/fullsize/lexus/lx450d/lexus_lx450d_258106.jpg;6947000;Lexus;LX 450d;Япония;Япония;Executive 2;Внедорожник;5;701;5065;1980;1910;225;1685;н/д;5;ДТ;272;8,6;9,5;4,5;АКПП;Полный;Адаптивный;Круговой обзор;Все;Есть
https://s.auto.drom.ru/img5/catalog/photos/fullsize/lexus/lx450d/lexus_lx450d_258106.jpg;7434000;Lexus;LX 450d;Япония;Япония;Black vision;Внедорожник;5;701;5065;1980;1910;225;1685;н/д;5;ДТ;272;8,6;9,5;4,5;АКПП;Полный;Адаптивный;Круговой обзор;Все;Есть
https://avtonovostidnya.ru/wp-content/uploads/2018/11/Lexus-LX570-Inspiration-Series.jpg;6955000;Lexus;LX 570;Япония;Япония;Premium+;Внедорожник;5;701;5065;1980;1910;225;1685;н/д;5;92;367;7,7;14,4;5,7;АКПП;Полный;Адаптивный;Круговой обзор;Все;Есть
https://avtonovostidnya.ru/wp-content/uploads/2018/11/Lexus-LX570-Inspiration-Series.jpg;7491000;Lexus;LX 570;Япония;Япония;Luxury 21+;Внедорожник;5;701;5065;1980;1910;225;1685;н/д;5;92;367;7,7;14,4;5,7;АКПП;Полный;Адаптивный;Круговой обзор;Все;Есть
https://avtonovostidnya.ru/wp-content/uploads/2018/11/Lexus-LX570-Inspiration-Series.jpg;7519000;Lexus;LX 570;Япония;Япония;Luxury 8S+;Внедорожник;5;701;5065;1980;1910;225;1685;н/д;5;92;367;7,7;14,4;5,7;АКПП;Полный;Адаптивный;Круговой обзор;Все;Есть
https://avtonovostidnya.ru/wp-content/uploads/2018/11/Lexus-LX570-Inspiration-Series.jpg;8340000;Lexus;LX 570;Япония;Япония;Black vision;Внедорожник;5;701;5065;1980;1910;225;1685;н/д;5;92;367;7,7;14,4;5,7;АКПП;Полный;Адаптивный;Круговой обзор;Все;Есть
https://avtonovostidnya.ru/wp-content/uploads/2018/11/Lexus-LX570-Inspiration-Series.jpg;7806000;Lexus;LX 570;Япония;Япония;Superior;Внедорожник;5;701;5065;1980;1910;225;1685;н/д;5;92;367;7,7;14,4;5,7;АКПП;Полный;Адаптивный;Круговой обзор;Все;Есть
https://lexus-astrakhan.ru/images/0/common/ng-es/NG-ES200-view01.png;2599000;Lexus;ES 200;Япония;Япония;Comfort;Седан;5;420;4975;1865;1445;153;1292;5;4;95;150;12,2;7,1;2;АКПП;Передний;Обычный;Заднего вида;Передние;Нет
https://automobili.ru/upload/iblock/7cb/7cbd36c4905b943ae0b34f1d2d8e3c57.jpg;2941000;Lexus;ES 250;Япония;Япония;Comfort;Седан;5;420;4975;1865;1445;154;1291;5;4;95;200;9,1;6,6;2,5;АКПП;Передний;Обычный;Заднего вида;Передние;Нет
https://automobili.ru/upload/iblock/7cb/7cbd36c4905b943ae0b34f1d2d8e3c57.jpg;3183000;Lexus;ES 250;Япония;Япония;F Sport;Седан;5;420;4975;1865;1445;154;1291;5;4;95;200;9,1;6,6;2,5;АКПП;Передний;Обычный;Заднего вида;Передние;Нет
https://automobili.ru/upload/iblock/7cb/7cbd36c4905b943ae0b34f1d2d8e3c57.jpg;3322000;Lexus;ES 250;Япония;Япония;Executive;Седан;5;420;4975;1865;1445;154;1291;5;4;95;200;9,1;6,6;2,5;АКПП;Передний;Обычный;Заднего вида;Передние;Есть
https://automobili.ru/upload/iblock/7cb/7cbd36c4905b943ae0b34f1d2d8e3c57.jpg;3540000;Lexus;ES 250;Япония;Япония;Premium;Седан;5;420;4975;1865;1445;154;1291;5;4;95;200;9,1;6,6;2,5;АКПП;Передний;Адаптивный;Круговой обзор;Передние;Есть
https://automobili.ru/upload/iblock/7cb/7cbd36c4905b943ae0b34f1d2d8e3c57.jpg;4024000;Lexus;ES 250;Япония;Япония;Luxury;Седан;5;420;4975;1865;1445;154;1291;5;4;95;200;9,1;6,6;2,5;АКПП;Передний;Адаптивный;Круговой обзор;Все;Есть
https://s.auto.drom.ru/i24220/c/photos/fullsize/lexus/es350/lexus_es350_809313.jpg;3959000;Lexus;ES 350;Япония;Япония;F Sport;Седан;5;420;4975;1865;1445;150;1295;5;4;95;249;7,9;8,8;3,5;АКПП;Передний;Обычный;Заднего вида;Передние;Есть
https://s.auto.drom.ru/i24220/c/photos/fullsize/lexus/es350/lexus_es350_809313.jpg;4405000;Lexus;ES 350;Япония;Япония;Luxury;Седан;5;420;4975;1865;1445;150;1295;5;4;95;249;7,9;8,8;3,5;АКПП;Передний;Адаптивный;Круговой обзор;Все;Есть
https://auto.ironhorse.ru/wp-content/uploads/2017/01/LS5.jpg;6245000;Lexus;LS 350;Япония;Япония;Comfort;Седан;5;480;5235;1900;1450;169;1281;н/д;4;95;315;6,5;9,6;3,5;АКПП;Задний;Адаптивный;Заднего вида;Передние;Есть
https://auto.ironhorse.ru/wp-content/uploads/2017/01/LS5.jpg;7208000;Lexus;LS 350;Япония;Япония;Executive;Седан;5;480;5235;1900;1450;169;1281;н/д;4;95;315;6,5;9,6;3,5;АКПП;Задний;Адаптивный;Круговой обзор;Все;Есть
https://s.auto.drom.ru/i24216/c/photos/fullsize/lexus/ls500/lexus_ls500_772670.jpg;8546000;Lexus;LS 500 AWD;Япония;Япония;F Sport;Седан;5;480;5235;1900;1460;151;1309;н/д;4;95;421;4,9;9,9;3,5;АКПП;Полный;Адаптивный;Круговой обзор;Все;Есть
https://s.auto.drom.ru/i24216/c/photos/fullsize/lexus/ls500/lexus_ls500_772670.jpg;8581000;Lexus;LS 500 AWD;Япония;Япония;Executive;Седан;5;480;5235;1900;1460;151;1309;н/д;4;95;421;4,9;9,9;3,5;АКПП;Полный;Адаптивный;Круговой обзор;Все;Есть
https://s.auto.drom.ru/i24216/c/photos/fullsize/lexus/ls500/lexus_ls500_772670.jpg;9094000;Lexus;LS 500 AWD;Япония;Япония;Premium;Седан;5;480;5235;1900;1460;151;1309;н/д;4;95;421;4,9;9,9;3,5;АКПП;Полный;Адаптивный;Круговой обзор;Все;Есть
https://s.auto.drom.ru/i24216/c/photos/fullsize/lexus/ls500/lexus_ls500_772670.jpg;9209000;Lexus;LS 500 AWD;Япония;Япония;Premium 2;Седан;5;480;5235;1900;1460;151;1309;н/д;4;95;421;4,9;9,9;3,5;АКПП;Полный;Адаптивный;Круговой обзор;Все;Есть
https://s.auto.drom.ru/i24216/c/photos/fullsize/lexus/ls500/lexus_ls500_772670.jpg;9594000;Lexus;LS 500 AWD;Япония;Япония;Luxury 2;Седан;5;480;5235;1900;1460;151;1309;н/д;4;95;421;4,9;9,9;3,5;АКПП;Полный;Адаптивный;Круговой обзор;Все;Есть
https://s.auto.drom.ru/i24216/c/photos/fullsize/lexus/ls500/lexus_ls500_772670.jpg;9661000;Lexus;LS 500 AWD;Япония;Япония;Luxury;Седан;5;480;5235;1900;1460;151;1309;н/д;4;95;421;4,9;9,9;3,5;АКПП;Полный;Адаптивный;Круговой обзор;Все;Есть
https://s.auto.drom.ru/i24216/c/photos/fullsize/lexus/ls500/lexus_ls500_772670.jpg;10369000;Lexus;LS 500 AWD;Япония;Япония;Luxury+;Седан;5;480;5235;1900;1460;151;1309;н/д;4;95;421;4,9;9,9;3,5;АКПП;Полный;Адаптивный;Круговой обзор;Все;Есть
https://lexusenthusiast.com/images/weblog/18-08-22-lexus-lc-f-drive.jpg;8580000;Lexus;LC 500;Япония;Япония;Sport+;Купе;4;197;4770;1920;1345;133;1212;н/д;2;95;477;4,7;11,5;5;АКПП;Задний;Нет;Заднего вида;Передние;Есть
https://s.auto.drom.ru/i24219/c/photos/fullsize/lexus/ux200/lexus_ux200_796327.jpg;2099000;Lexus;UX 200;Япония;Япония;#live;Кроссовер;5;272;4495;1840;1540;160;1380;5;5;95;150;9,2;5,8;2;Вариатор;Передний;Обычный;Нет;Передние;Нет
https://s.auto.drom.ru/i24219/c/photos/fullsize/lexus/ux200/lexus_ux200_796327.jpg;2488000;Lexus;UX 200;Япония;Япония;#enjoy;Кроссовер;5;272;4495;1840;1540;160;1380;5;5;95;150;9,2;5,8;2;Вариатор;Передний;Обычный;Заднего вида;Передние;Есть
https://s.auto.drom.ru/i24219/c/photos/fullsize/lexus/ux200/lexus_ux200_796327.jpg;2915000;Lexus;UX 200;Япония;Япония;#discover;Кроссовер;5;272;4495;1840;1540;160;1380;5;5;95;150;9,2;5,8;2;Вариатор;Передний;Обычный;Заднего вида;Передние;Есть
https://s.auto.drom.ru/i24219/c/photos/fullsize/lexus/ux200/lexus_ux200_796327.jpg;2735000;Lexus;UX 200;Япония;Япония;#FSport;Кроссовер;5;272;4495;1840;1540;160;1380;5;5;95;150;9,2;5,8;2;Вариатор;Передний;Обычный;Заднего вида;Передние;Есть
https://topgearrussia.ru/data/topgear/preview/2019-04/25/image-5031-1556211476-640x400.jpg;2629000;Lexus;UX 250h;Япония;Япония;#enjoy;Кроссовер;5;272;4495;1840;1540;160;1380;5;5;95;178;8,7;4,4;2;Вариатор;Полный;Обычный;Заднего вида;Передние;Есть
https://topgearrussia.ru/data/topgear/preview/2019-04/25/image-5031-1556211476-640x400.jpg;3180000;Lexus;UX 250h;Япония;Япония;#FSport;Кроссовер;5;272;4495;1840;1540;160;1380;5;5;95;178;8,7;4,4;2;Вариатор;Полный;Обычный;Заднего вида;Передние;Есть
https://topgearrussia.ru/data/topgear/preview/2019-04/25/image-5031-1556211476-640x400.jpg;3817000;Lexus;UX 250h;Япония;Япония;#feel;Кроссовер;5;272;4495;1840;1540;160;1380;5;5;95;178;8,7;4,4;2;Вариатор;Полный;Адаптивный;Круговой обзор;Передние;Есть
https://upload.wikimedia.org/wikipedia/commons/b/be/2017_Kia_Picanto_GT-Line_S_1.2_Front.jpg;709900;KIA;Picanto;Южная корея;Россия;Classic 1.0;Хетчбэк;5;255;3595;1595;1495;161;1334;3;5;95;67;14,3;4,4;1;МКПП;Передний;Нет;Нет;Нет;Нет
https://upload.wikimedia.org/wikipedia/commons/b/be/2017_Kia_Picanto_GT-Line_S_1.2_Front.jpg;809900;KIA;Picanto;Южная корея;Россия;Classic 1.2;Хетчбэк;5;255;3595;1595;1495;161;1334;3;5;95;84;13,7;5,4;1,2;АКПП;Передний;Нет;Нет;Нет;Нет
https://upload.wikimedia.org/wikipedia/commons/b/be/2017_Kia_Picanto_GT-Line_S_1.2_Front.jpg;794900;KIA;Picanto;Южная корея;Россия;Comfort 1.0;Хетчбэк;5;255;3595;1595;1495;161;1334;3;5;95;67;14,3;4,4;1;МКПП;Передний;Нет;Нет;Передние;Есть
https://upload.wikimedia.org/wikipedia/commons/b/be/2017_Kia_Picanto_GT-Line_S_1.2_Front.jpg;834900;KIA;Picanto;Южная корея;Россия;Comfort 1.2;Хетчбэк;5;255;3595;1595;1495;161;1334;3;5;95;84;13,7;5,4;1,2;АКПП;Передний;Нет;Нет;Передние;Есть
https://upload.wikimedia.org/wikipedia/commons/b/be/2017_Kia_Picanto_GT-Line_S_1.2_Front.jpg;914900;KIA;Picanto;Южная корея;Россия;Luxe;Хетчбэк;5;255;3595;1595;1495;161;1334;3;5;95;84;13,7;5,4;1,2;АКПП;Передний;Обычный;Нет;Передние;Есть
https://upload.wikimedia.org/wikipedia/commons/b/be/2017_Kia_Picanto_GT-Line_S_1.2_Front.jpg;959900;KIA;Picanto;Южная корея;Россия;X-Line;Хетчбэк;5;255;3595;1595;1495;161;1334;3;5;95;84;13,7;5,4;1,2;АКПП;Передний;Обычный;Заднего вида;Передние;Есть
https://upload.wikimedia.org/wikipedia/commons/b/be/2017_Kia_Picanto_GT-Line_S_1.2_Front.jpg;969900;KIA;Picanto;Южная корея;Россия;Prestige;Хетчбэк;5;255;3595;1595;1495;161;1334;3;5;95;84;13,7;5,4;1,2;АКПП;Передний;Обычный;Заднего вида;Передние;Есть
https://upload.wikimedia.org/wikipedia/commons/b/be/2017_Kia_Picanto_GT-Line_S_1.2_Front.jpg;1014900;KIA;Picanto;Южная корея;Россия;GT Line;Хетчбэк;5;255;3595;1595;1495;161;1334;3;5;95;84;13,7;5,4;1,2;АКПП;Передний;Обычный;Заднего вида;Передние;Есть
https://www.avtogermes.ru/i/kiario2017-fiery-red-r4r.png;794900;KIA;Rio;Южная корея;Россия;Classic;Седан;5;480;4400;1740;1470;160;1310;3;4;92;100;12,2;5,7;1,4;МКПП;Передний;Нет;Нет;Нет;Нет
https://www.avtogermes.ru/i/kiario2017-fiery-red-r4r.png;829900;KIA;Rio;Южная корея;Россия;Classic Audio;Седан;5;480;4400;1740;1470;160;1310;3;4;92;100;12,2;5,7;1,4;МКПП;Передний;Нет;Нет;Передние;Нет
https://www.avtogermes.ru/i/kiario2017-fiery-red-r4r.png;854900;KIA;Rio;Южная корея;Россия;Comfort 1.4 МКПП;Седан;5;480;4400;1740;1470;160;1310;3;4;92;100;12,2;5,7;1,4;МКПП;Передний;Нет;Нет;Передние;Есть
https://www.avtogermes.ru/i/kiario2017-fiery-red-r4r.png;879900;KIA;Rio;Южная корея;Россия;Comfort 1.6 МКПП;Седан;5;480;4400;1740;1470;160;1310;3;4;92;123;10,3;6;1,6;МКПП;Передний;Нет;Нет;Передние;Есть
https://www.avtogermes.ru/i/kiario2017-fiery-red-r4r.png;894900;KIA;Rio;Южная корея;Россия;Comfort 1.4 АКПП;Седан;5;480;4400;1740;1470;160;1310;3;4;92;100;12,9;6,4;1,4;АКПП;Передний;Нет;Нет;Передние;Есть
https://www.avtogermes.ru/i/kiario2017-fiery-red-r4r.png;919900;KIA;Rio;Южная корея;Россия;Comfort 1.6 АКПП;Седан;5;480;4400;1740;1470;160;1310;3;4;92;123;11,2;6,6;1,6;АКПП;Передний;Нет;Нет;Передние;Есть
https://www.avtogermes.ru/i/kiario2017-fiery-red-r4r.png;904900;KIA;Rio;Южная корея;Россия;Luxe МКПП;Седан;5;480;4400;1740;1470;160;1310;3;4;92;123;10,3;6;1,6;МКПП;Передний;Нет;Нет;Передние;Есть
https://www.avtogermes.ru/i/kiario2017-fiery-red-r4r.png;944900;KIA;Rio;Южная корея;Россия;Luxe АКПП;Седан;5;480;4400;1740;1470;160;1310;3;4;92;123;11,2;6,6;1,6;АКПП;Передний;Нет;Нет;Передние;Есть
https://www.avtogermes.ru/i/kiario2017-fiery-red-r4r.png;1044900;KIA;Rio;Южная корея;Россия;Prestige;Седан;5;480;4400;1740;1470;160;1310;3;4;92;123;11,2;6,6;1,6;АКПП;Передний;Обычный;Заднего вида;Все;Есть
https://www.avtogermes.ru/i/kiario2017-fiery-red-r4r.png;1104900;KIA;Rio;Южная корея;Россия;Premium;Седан;5;480;4400;1740;1470;160;1310;3;4;92;123;11,2;6,6;1,6;АКПП;Передний;Обычный;Заднего вида;Все;Есть
https://www.avtogermes.ru/i/rio-xline-sunset-orange-sn4.png;909900;KIA;Rio X-Line;Южная корея;Россия;Comfort 1.4 МКПП;Хетчбэк;5;390;4240;1740;1510;195;1315;3;5;92;100;12,6;5,9;1,4;МКПП;Передний;Нет;Нет;Передние;Есть
https://www.avtogermes.ru/i/rio-xline-sunset-orange-sn4.png;934900;KIA;Rio X-Line;Южная корея;Россия;Comfort 1.6 МКПП;Хетчбэк;5;390;4240;1740;1510;195;1315;3;5;92;123;10,7;6,6;1,6;МКПП;Передний;Нет;Нет;Передние;Есть
https://www.avtogermes.ru/i/rio-xline-sunset-orange-sn4.png;949900;KIA;Rio X-Line;Южная корея;Россия;Comfort 1.4 АКПП;Хетчбэк;5;390;4240;1740;1510;195;1315;3;5;92;100;13,4;6,6;1,4;АКПП;Передний;Нет;Нет;Передние;Есть
https://www.avtogermes.ru/i/rio-xline-sunset-orange-sn4.png;974900;KIA;Rio X-Line;Южная корея;Россия;Comfort 1.6 АКПП;Хетчбэк;5;390;4240;1740;1510;195;1315;3;5;92;123;11,6;6,8;1,6;АКПП;Передний;Нет;Нет;Передние;Есть
https://www.avtogermes.ru/i/rio-xline-sunset-orange-sn4.png;959900;KIA;Rio X-Line;Южная корея;Россия;Luxe 1.6 МКПП;Хетчбэк;5;390;4240;1740;1510;195;1315;3;5;92;123;10,7;6,6;1,6;МКПП;Передний;Нет;Нет;Передние;Есть
https://www.avtogermes.ru/i/rio-xline-sunset-orange-sn4.png;999900;KIA;Rio X-Line;Южная корея;Россия;Luxe 1.6 АКПП;Хетчбэк;5;390;4240;1740;1510;195;1315;3;5;92;123;11,6;6,8;1,6;АКПП;Передний;Нет;Нет;Передние;Есть
https://www.avtogermes.ru/i/rio-xline-sunset-orange-sn4.png;1099900;KIA;Rio X-Line;Южная корея;Россия;Prestige;Хетчбэк;5;390;4240;1740;1510;195;1315;3;5;92;123;11,6;6,8;1,6;АКПП;Передний;Обычный;Заднего вида;Все;Есть
https://www.avtogermes.ru/i/rio-xline-sunset-orange-sn4.png;1159900;KIA;Rio X-Line;Южная корея;Россия;Premium;Хетчбэк;5;390;4240;1740;1510;195;1315;3;5;92;123;11,6;6,8;1,6;АКПП;Передний;Обычный;Заднего вида;Все;Есть
https://www.avtogermes.ru/i/ceed2018_Blue_Flame_B3L.png;1154900;KIA;Ceed;Южная корея;Россия;Comfort МКПП;Хетчбэк;5;395;4310;1800;1447;150;1297;4;5;92;128;10,5;6,8;1,6;МКПП;Передний;Обычный;Нет;Передние;Есть
https://www.avtogermes.ru/i/ceed2018_Blue_Flame_B3L.png;1194900;KIA;Ceed;Южная корея;Россия;Comfort АКПП;Хетчбэк;5;395;4310;1800;1447;150;1297;4;5;92;128;11,5;7,3;1,6;АКПП;Передний;Обычный;Заднего вида;Передние;Есть
https://www.avtogermes.ru/i/ceed2018_Blue_Flame_B3L.png;1252900;KIA;Ceed;Южная корея;Россия;Luxe;Хетчбэк;5;395;4310;1800;1447;150;1297;4;5;92;128;11,5;7,3;1,6;АКПП;Передний;Обычный;Заднего вида;Передние;Есть
https://www.avtogermes.ru/i/ceed2018_Blue_Flame_B3L.png;1329900;KIA;Ceed;Южная корея;Россия;Prestige;Хетчбэк;5;395;4310;1800;1447;150;1297;4;5;92;128;11,5;7,3;1,6;АКПП;Передний;Обычный;Заднего вида;Все;Есть
https://www.avtogermes.ru/i/ceed2018_Blue_Flame_B3L.png;1449900;KIA;Ceed;Южная корея;Россия;Premium 1.6;Хетчбэк;5;395;4310;1800;1447;150;1297;4;5;92;128;11,5;7,3;1,6;АКПП;Передний;Обычный;Заднего вида;Все;Есть
https://www.avtogermes.ru/i/ceed2018_Blue_Flame_B3L.png;1519900;KIA;Ceed;Южная корея;Россия;Premium 1.4;Хетчбэк;5;395;4310;1800;1447;150;1297;4;5;95;140;9,2;6,1;1,4;РКПП;Передний;Обычный;Заднего вида;Все;Есть
https://www.avtogermes.ru/i/ceed2018_Blue_Flame_B3L.png;1639900;KIA;Ceed;Южная корея;Россия;Premium+;Хетчбэк;5;395;4310;1800;1447;150;1297;4;5;95;140;9,2;6,1;1,4;РКПП;Передний;Адаптивный;Заднего вида;Все;Есть
https://autoreview.ru/images/Article/1668/Article_166898_860_575.jpg;1194900;KIA;Ceed SW;Южная корея;Россия;Comfort МКПП;Универсал;5;625;4600;1800;1475;150;1325;4;5;92;128;10,8;6,8;1,6;МКПП;Передний;Обычный;Нет;Передние;Есть
https://autoreview.ru/images/Article/1668/Article_166898_860_575.jpg;1234900;KIA;Ceed SW;Южная корея;Россия;Comfort АКПП;Универсал;5;625;4600;1800;1475;150;1325;4;5;92;128;11,8;7,3;1,6;АКПП;Передний;Обычный;Заднего вида;Передние;Есть
https://autoreview.ru/images/Article/1668/Article_166898_860_575.jpg;1294900;KIA;Ceed SW;Южная корея;Россия;Luxe;Универсал;5;625;4600;1800;1475;150;1325;4;5;92;128;11,8;7,3;1,6;АКПП;Передний;Обычный;Заднего вида;Передние;Есть
https://autoreview.ru/images/Article/1668/Article_166898_860_575.jpg;1379900;KIA;Ceed SW;Южная корея;Россия;Prestige;Универсал;5;625;4600;1800;1475;150;1325;4;5;92;128;11,8;7,3;1,6;АКПП;Передний;Обычный;Заднего вида;Все;Есть
https://autoreview.ru/images/Article/1668/Article_166898_860_575.jpg;1519900;KIA;Ceed SW;Южная корея;Россия;Premium 1.6;Универсал;5;625;4600;1800;1475;150;1325;4;5;92;128;11,8;7,3;1,6;АКПП;Передний;Обычный;Заднего вида;Все;Есть
https://autoreview.ru/images/Article/1668/Article_166898_860_575.jpg;1589900;KIA;Ceed SW;Южная корея;Россия;Premium 1.4;Универсал;5;625;4600;1800;1475;150;1325;4;5;95;140;9,4;6,1;1,4;РКПП;Передний;Обычный;Заднего вида;Все;Есть
https://autoreview.ru/images/Article/1668/Article_166898_860_575.jpg;1709900;KIA;Ceed SW;Южная корея;Россия;Premium+;Универсал;5;625;4600;1800;1475;150;1325;4;5;95;140;9,4;6,1;1,4;РКПП;Передний;Адаптивный;Заднего вида;Все;Есть
https://autoreview.ru/images/Article/1665/Article_166534_860_575.jpg;1584900;KIA;ProCeed;Южная корея;Россия;GT Line;Универсал;5;594;4605;1800;1437;150;1287;н/д;5;95;140;9,4;6,1;1,4;РКПП;Передний;Обычный;Заднего вида;Все;Есть
https://autoreview.ru/images/Article/1665/Article_166534_860_575.jpg;2044900;KIA;ProCeed;Южная корея;Россия;GT;Универсал;5;594;4605;1800;1437;150;1287;н/д;6;95;200;7,5;7;1,6;РКПП;Передний;Адаптивный;Заднего вида;Все;Есть
https://autoreview.ru/images/gallery/%D0%9D%D0%BE%D0%B2%D0%BE%D1%81%D1%82%D0%B8/2018/September/11/kia-cerato-classic.jpg;1034900;KIA;Cerato Classic;Южная корея;Россия;Comfort МКПП;Седан;5;482;4560;1780;1445;150;1295;н/д;4;95;130;10,1;6,7;1,6;МКПП;Передний;Нет;Нет;Передние;Нет
https://autoreview.ru/images/gallery/%D0%9D%D0%BE%D0%B2%D0%BE%D1%81%D1%82%D0%B8/2018/September/11/kia-cerato-classic.jpg;1079900;KIA;Cerato Classic;Южная корея;Россия;Comfort АКПП;Седан;5;482;4560;1780;1445;150;1295;н/д;4;95;130;11,6;7;1,6;АКПП;Передний;Обычный;Нет;Передние;Нет
https://autoreview.ru/images/gallery/%D0%9D%D0%BE%D0%B2%D0%BE%D1%81%D1%82%D0%B8/2018/September/11/kia-cerato-classic.jpg;1079900;KIA;Cerato Classic;Южная корея;Россия;Luxe МКПП;Седан;5;482;4560;1780;1445;150;1295;н/д;4;95;130;10,1;6,7;1,6;МКПП;Передний;Обычный;Нет;Передние;Есть
https://autoreview.ru/images/gallery/%D0%9D%D0%BE%D0%B2%D0%BE%D1%81%D1%82%D0%B8/2018/September/11/kia-cerato-classic.jpg;1119900;KIA;Cerato Classic;Южная корея;Россия;Luxe АКПП 1.6;Седан;5;482;4560;1780;1445;150;1295;н/д;4;95;130;11,6;7;1,6;АКПП;Передний;Обычный;Нет;Передние;Есть
https://autoreview.ru/images/gallery/%D0%9D%D0%BE%D0%B2%D0%BE%D1%81%D1%82%D0%B8/2018/September/11/kia-cerato-classic.jpg;1169900;KIA;Cerato Classic;Южная корея;Россия;Luxe АКПП 2.0;Седан;5;482;4560;1780;1445;150;1295;н/д;4;95;150;9,3;7,4;2;АКПП;Передний;Обычный;Нет;Передние;Есть
https://autoreview.ru/images/gallery/%D0%9D%D0%BE%D0%B2%D0%BE%D1%81%D1%82%D0%B8/2018/September/11/kia-cerato-classic.jpg;1199900;KIA;Cerato Classic;Южная корея;Россия;Prestige 1.6;Седан;5;482;4560;1780;1445;150;1295;н/д;4;95;130;11,6;7;1,6;АКПП;Передний;Обычный;Нет;Все;Есть
https://autoreview.ru/images/gallery/%D0%9D%D0%BE%D0%B2%D0%BE%D1%81%D1%82%D0%B8/2018/September/11/kia-cerato-classic.jpg;1249900;KIA;Cerato Classic;Южная корея;Россия;Prestige 2.0;Седан;5;482;4560;1780;1445;150;1295;н/д;4;95;150;9,3;7,4;2;АКПП;Передний;Обычный;Нет;Все;Есть
https://autoreview.ru/images/gallery/%D0%9D%D0%BE%D0%B2%D0%BE%D1%81%D1%82%D0%B8/2018/September/11/kia-cerato-classic.jpg;1329900;KIA;Cerato Classic;Южная корея;Россия;Premium;Седан;5;482;4560;1780;1445;150;1295;н/д;4;95;150;9,3;7,4;2;АКПП;Передний;Обычный;Заднего вида;Все;Есть
https://kolesa-uploads.ru/-/9aeb34f2-4777-42b5-a777-700d287254af/kia-cerato-glavnaya-ce-24.jpg;1164900;KIA;Cerato;Южная корея;Россия;Comfort МКПП 1.6;Седан;5;502;4640;1800;1450;150;1300;н/д;4;92;128;10,6;7,1;1,6;МКПП;Передний;Нет;Нет;Передние;Нет
https://kolesa-uploads.ru/-/9aeb34f2-4777-42b5-a777-700d287254af/kia-cerato-glavnaya-ce-24.jpg;1204900;KIA;Cerato;Южная корея;Россия;Comfort АКПП 1.6;Седан;5;502;4640;1800;1450;150;1300;н/д;4;92;128;11,6;7,2;1,6;АКПП;Передний;Нет;Нет;Передние;Нет
https://kolesa-uploads.ru/-/9aeb34f2-4777-42b5-a777-700d287254af/kia-cerato-glavnaya-ce-24.jpg;1249900;KIA;Cerato;Южная корея;Россия;Comfort 2.0 АКПП;Седан;5;502;4640;1800;1450;150;1300;н/д;4;92;150;9,8;7,4;2;АКПП;Передний;Нет;Нет;Передние;Нет
https://kolesa-uploads.ru/-/9aeb34f2-4777-42b5-a777-700d287254af/kia-cerato-glavnaya-ce-24.jpg;1234900;KIA;Cerato;Южная корея;Россия;Luxe 1.6 МКПП;Седан;5;502;4640;1800;1450;150;1300;н/д;4;92;128;10,6;7,1;1,6;МКПП;Передний;Обычный;Заднего вида;Передние;Есть
https://kolesa-uploads.ru/-/9aeb34f2-4777-42b5-a777-700d287254af/kia-cerato-glavnaya-ce-24.jpg;1274900;KIA;Cerato;Южная корея;Россия;Luxe 1.6 АКПП;Седан;5;502;4640;1800;1450;150;1300;н/д;4;92;128;11,6;7,2;1,6;АКПП;Передний;Обычный;Заднего вида;Передние;Есть
https://kolesa-uploads.ru/-/9aeb34f2-4777-42b5-a777-700d287254af/kia-cerato-glavnaya-ce-24.jpg;1319900;KIA;Cerato;Южная корея;Россия;Luxe 2.0 АКПП;Седан;5;502;4640;1800;1450;150;1300;н/д;4;92;150;9,8;7,4;2;АКПП;Передний;Обычный;Заднего вида;Передние;Есть
https://kolesa-uploads.ru/-/9aeb34f2-4777-42b5-a777-700d287254af/kia-cerato-glavnaya-ce-24.jpg;1334900;KIA;Cerato;Южная корея;Россия;Prestige 1.6;Седан;5;502;4640;1800;1450;150;1300;н/д;4;92;128;11,6;7,2;1,6;АКПП;Передний;Обычный;Заднего вида;Все;Есть
https://kolesa-uploads.ru/-/9aeb34f2-4777-42b5-a777-700d287254af/kia-cerato-glavnaya-ce-24.jpg;1379900;KIA;Cerato;Южная корея;Россия;Prestige 2.0;Седан;5;502;4640;1800;1450;150;1300;н/д;4;92;150;9,8;7,4;2;АКПП;Передний;Обычный;Заднего вида;Все;Есть
https://kolesa-uploads.ru/-/9aeb34f2-4777-42b5-a777-700d287254af/kia-cerato-glavnaya-ce-24.jpg;1454900;KIA;Cerato;Южная корея;Россия;GT Line;Седан;5;502;4640;1800;1450;150;1300;н/д;4;92;150;9,8;7,4;2;АКПП;Передний;Обычный;Заднего вида;Все;Есть
https://kolesa-uploads.ru/-/9aeb34f2-4777-42b5-a777-700d287254af/kia-cerato-glavnaya-ce-24.jpg;1514900;KIA;Cerato;Южная корея;Россия;GT Line+;Седан;5;502;4640;1800;1450;150;1300;н/д;4;92;150;9,8;7,4;2;АКПП;Передний;Обычный;Заднего вида;Все;Есть
https://www.avtogermes.ru/i/optima2018_gravity_blue.png;1424900;KIA;Optima;Южная корея;Россия;Classic;Седан;5;510;4855;1860;1485;155;1330;5;4;92;150;9,6;7,7;2;МКПП;Передний;Обычный;Нет;Передние;Нет
https://www.avtogermes.ru/i/optima2018_gravity_blue.png;1554900;KIA;Optima;Южная корея;Россия;Comfort;Седан;5;510;4855;1860;1485;155;1330;5;4;92;150;10,7;7,8;2;АКПП;Передний;Обычный;Нет;Передние;Есть
https://www.avtogermes.ru/i/optima2018_gravity_blue.png;1684900;KIA;Optima;Южная корея;Россия;Luxe 2.0;Седан;5;510;4855;1860;1485;155;1330;5;4;92;150;10,7;7,8;2;АКПП;Передний;Обычный;Заднего вида;Передние;Есть
https://www.avtogermes.ru/i/optima2018_gravity_blue.png;1784900;KIA;Optima;Южная корея;Россия;Luxe 2.4;Седан;5;510;4855;1860;1485;155;1330;5;4;92;188;9,1;8,3;2,4;АКПП;Передний;Обычный;Заднего вида;Передние;Есть
https://www.avtogermes.ru/i/optima2018_gravity_blue.png;1744900;KIA;Optima;Южная корея;Россия;Prestige 2.0;Седан;5;510;4855;1860;1485;155;1330;5;4;92;150;10,7;7,8;2;АКПП;Передний;Обычный;Заднего вида;Все;Есть
https://www.avtogermes.ru/i/optima2018_gravity_blue.png;1844900;KIA;Optima;Южная корея;Россия;Prestige 2.4;Седан;5;510;4855;1860;1485;155;1330;5;4;92;188;9,1;8,3;2,4;АКПП;Передний;Обычный;Заднего вида;Все;Есть
https://www.avtogermes.ru/i/optima2018_gravity_blue.png;1824900;KIA;Optima;Южная корея;Россия;Premium;Седан;5;510;4855;1860;1485;155;1330;5;4;92;150;10,7;7,8;2;АКПП;Передний;Обычный;Заднего вида;Все;Есть
https://www.avtogermes.ru/i/optima2018_gravity_blue.png;1964900;KIA;Optima;Южная корея;Россия;GT Line;Седан;5;510;4855;1860;1485;155;1330;5;4;92;188;9,1;8,3;2,4;АКПП;Передний;Обычный;Круговой обзор;Все;Есть
https://www.avtogermes.ru/i/optima2018_gravity_blue.png;2134900;KIA;Optima;Южная корея;Россия;GT;Седан;5;510;4855;1860;1485;155;1330;5;4;95;245;7,4;8,5;2;АКПП;Передний;Обычный;Круговой обзор;Все;Есть
https://www.avtogermes.ru/i/KIA_Sringer_Rich_Rome_Red_H4R.png;2174900;KIA;Stinger;Южная корея;Россия;Comfort;Лифтбек;5;406;4830;1870;1400;150;1250;5;5;95;197;8;8,8;2;АКПП;Задний;Обычный;Заднего вида;Передние;Есть
https://www.avtogermes.ru/i/KIA_Sringer_Rich_Rome_Red_H4R.png;2324900;KIA;Stinger;Южная корея;Россия;Luxe;Лифтбек;5;406;4830;1870;1400;150;1250;5;5;95;197;8,5;9,2;2;АКПП;Полный;Обычный;Заднего вида;Передние;Есть
https://www.avtogermes.ru/i/KIA_Sringer_Rich_Rome_Red_H4R.png;2484900;KIA;Stinger;Южная корея;Россия;Prestige;Лифтбек;5;406;4830;1870;1400;150;1250;5;5;95;247;6,7;9,2;2;АКПП;Полный;Обычный;Заднего вида;Передние;Есть
https://www.avtogermes.ru/i/KIA_Sringer_Rich_Rome_Red_H4R.png;2699900;KIA;Stinger;Южная корея;Россия;Style;Лифтбек;5;406;4830;1870;1400;150;1250;5;5;95;247;6,7;9,2;2;АКПП;Полный;Обычный;Заднего вида;Все;Есть
https://www.avtogermes.ru/i/KIA_Sringer_Rich_Rome_Red_H4R.png;2904900;KIA;Stinger;Южная корея;Россия;GT Line;Лифтбек;5;406;4830;1870;1400;150;1250;5;5;95;247;6,7;9,2;2;АКПП;Полный;Обычный;Круговой обзор;Все;Есть
https://www.avtogermes.ru/i/KIA_Sringer_Rich_Rome_Red_H4R.png;3464900;KIA;Stinger;Южная корея;Россия;GT;Лифтбек;5;406;4830;1870;1400;150;1250;5;5;95;370;5,3;10,6;3,3;АКПП;Полный;Адаптивный;Круговой обзор;Все;Есть
https://autoreview.ru/images/Article/1672/Article_167207_860_575.jpg;3664900;KIA;K900;Южная корея;Россия;Luxe;Седан;5;470;5120;1915;1505;150;1355;н/д;4;95;249;8,4;10,5;3,3;АКПП;Полный;Обычный;Заднего вида;Все;Есть
https://autoreview.ru/images/Article/1672/Article_167207_860_575.jpg;4194900;KIA;K901;Южная корея;Россия;Prestige;Седан;5;470;5120;1915;1505;150;1355;н/д;4;95;249;8,4;10,5;3,3;АКПП;Полный;Адаптивный;Круговой обзор;Все;Есть
https://autoreview.ru/images/Article/1672/Article_167207_860_575.jpg;4594900;KIA;K902;Южная корея;Россия;Premium 3.3;Седан;5;470;5120;1915;1505;150;1355;н/д;4;95;249;8,4;10,5;3,3;АКПП;Полный;Адаптивный;Круговой обзор;Все;Есть
https://autoreview.ru/images/Article/1672/Article_167207_860_575.jpg;5094900;KIA;K903;Южная корея;Россия;Premium 5.0;Седан;5;470;5120;1915;1505;150;1355;н/д;4;95;413;5,7;12,2;5;АКПП;Полный;Адаптивный;Круговой обзор;Все;Есть
https://www.kia.ru/static/master-data/overviews//SKW5/20192019/D077/AH1/1.png;1049900;KIA;Soul;Южная корея;Россия;Classic МКПП;Кроссовер;5;364;4195;1800;1610;180;1430;н/д;5;95;123;11,2;7,2;1,6;МКПП;Передний;Нет;Нет;Нет;Нет
https://www.kia.ru/static/master-data/overviews//SKW5/20192019/D077/AH1/1.png;1109900;KIA;Soul;Южная корея;Россия;Classic АКПП;Кроссовер;5;364;4195;1800;1610;180;1430;н/д;5;95;123;12;7,4;1,6;АКПП;Передний;Нет;Нет;Передние;Нет
https://www.kia.ru/static/master-data/overviews//SKW5/20192019/D077/AH1/1.png;1109900;KIA;Soul;Южная корея;Россия;Comfort МКПП;Кроссовер;5;364;4195;1800;1610;180;1430;н/д;5;95;123;11,2;7,2;1,6;МКПП;Передний;Нет;Нет;Передние;Нет
https://www.kia.ru/static/master-data/overviews//SKW5/20192019/D077/AH1/1.png;1159900;KIA;Soul;Южная корея;Россия;Comfort АКПП;Кроссовер;5;364;4195;1800;1610;180;1430;н/д;5;95;123;12;7,4;1,6;АКПП;Передний;Нет;Нет;Передние;Нет
https://www.kia.ru/static/master-data/overviews//SKW5/20192019/D077/AH1/1.png;1239900;KIA;Soul;Южная корея;Россия;Luxe 1.6;Кроссовер;5;364;4195;1800;1610;180;1430;н/д;5;95;123;12;7,4;1,6;АКПП;Передний;Обычный;Заднего вида;Передние;Есть
https://www.kia.ru/static/master-data/overviews//SKW5/20192019/D077/AH1/1.png;1299900;KIA;Soul;Южная корея;Россия;Luxe 2.0;Кроссовер;5;364;4195;1800;1610;180;1430;н/д;5;95;150;10,2;8;2;АКПП;Передний;Обычный;Заднего вида;Передние;Есть
https://www.kia.ru/static/master-data/overviews//SKW5/20192019/D077/AH1/1.png;1379900;KIA;Soul;Южная корея;Россия;Prestige 1.6;Кроссовер;5;364;4195;1800;1610;180;1430;н/д;5;95;123;12;7,4;1,6;АКПП;Передний;Обычный;Заднего вида;Все;Есть
https://www.kia.ru/static/master-data/overviews//SKW5/20192019/D077/AH1/1.png;1439900;KIA;Soul;Южная корея;Россия;Prestige 2.0;Кроссовер;5;364;4195;1800;1610;180;1430;н/д;5;95;150;10,2;8;2;АКПП;Передний;Обычный;Заднего вида;Все;Есть
https://www.kia.ru/static/master-data/overviews//SKW5/20192019/D077/AH1/1.png;1619900;KIA;Soul;Южная корея;Россия;Premium;Кроссовер;5;364;4195;1800;1610;180;1430;н/д;5;95;150;10,2;8;2;АКПП;Передний;Обычный;Заднего вида;Все;Есть
https://www.kia.ru/static/master-data/overviews//SKW5/20192019/D077/AH1/1.png;1669900;KIA;Soul;Южная корея;Россия;GT Line;Кроссовер;5;364;4195;1800;1610;180;1430;н/д;5;95;200;7,8;6,9;1,6;РКПП;Передний;Обычный;Заднего вида;Все;Есть
https://www.kia.ru/static/master-data/overviews//SKW5/20192019/D077/AH1/1.png;1689900;KIA;Soul;Южная корея;Россия;Premium+;Кроссовер;5;364;4195;1800;1610;180;1430;н/д;5;95;150;10,2;8;2;АКПП;Передний;Адаптивный;Заднего вида;Все;Есть
https://dvizhok.su/i/files2/auto/2019/10/KIA_Seltos_specs_unoffisial_2.jpg;1119900;KIA;Seltos;Южная корея;Россия;Classic МКПП;Кроссовер;5;433;4370;1800;1615;185;1430;5;5;92;123;12,2;6,9;1,6;МКПП;Передний;Нет;Нет;Нет;Нет
https://dvizhok.su/i/files2/auto/2019/10/KIA_Seltos_specs_unoffisial_2.jpg;1159900;KIA;Seltos;Южная корея;Россия;Classic АКПП;Кроссовер;5;433;4370;1800;1615;185;1430;5;5;92;123;12,3;7,4;1,6;АКПП;Передний;Нет;Нет;Нет;Нет
https://dvizhok.su/i/files2/auto/2019/10/KIA_Seltos_specs_unoffisial_2.jpg;1189900;KIA;Seltos;Южная корея;Россия;Comfort  МКПП FWD;Кроссовер;5;433;4370;1800;1615;185;1430;5;5;92;123;12,2;6,9;1,6;МКПП;Передний;Обычный;Нет;Передние;Есть
https://dvizhok.su/i/files2/auto/2019/10/KIA_Seltos_specs_unoffisial_2.jpg;1229900;KIA;Seltos;Южная корея;Россия;Comfort АКПП FWD;Кроссовер;5;433;4370;1800;1615;185;1430;5;5;92;123;12,3;7,4;1,6;АКПП;Передний;Обычный;Нет;Передние;Есть
https://dvizhok.su/i/files2/auto/2019/10/KIA_Seltos_specs_unoffisial_2.jpg;1259900;KIA;Seltos;Южная корея;Россия;Comfort МКПП AWD;Кроссовер;5;433;4370;1800;1615;185;1430;5;5;92;121;12,9;7,8;1,6;МКПП;Полный;Обычный;Нет;Передние;Есть
https://dvizhok.su/i/files2/auto/2019/10/KIA_Seltos_specs_unoffisial_2.jpg;1309900;KIA;Seltos;Южная корея;Россия;Comfort АКПП AWD;Кроссовер;5;433;4370;1800;1615;185;1430;5;5;92;121;12,6;8;1,6;АКПП;Полный;Обычный;Нет;Передние;Есть
https://dvizhok.su/i/files2/auto/2019/10/KIA_Seltos_specs_unoffisial_2.jpg;1339900;KIA;Seltos;Южная корея;Россия;Luxe  АКПП FWD;Кроссовер;5;433;4370;1800;1615;185;1430;5;5;92;123;12,3;7,4;1,6;АКПП;Передний;Обычный;Заднего вида;Передние;Есть
https://dvizhok.su/i/files2/auto/2019/10/KIA_Seltos_specs_unoffisial_2.jpg;1369900;KIA;Seltos;Южная корея;Россия;Luxe CVT FWD;Кроссовер;5;433;4370;1800;1615;185;1430;5;5;92;149;9,6;6,8;2;Вариатор;Передний;Обычный;Заднего вида;Передние;Есть
https://dvizhok.su/i/files2/auto/2019/10/KIA_Seltos_specs_unoffisial_2.jpg;1379900;KIA;Seltos;Южная корея;Россия;Luxe МКПП AWD;Кроссовер;5;433;4370;1800;1615;185;1430;5;5;92;121;12,9;7,8;1,6;МКПП;Полный;Обычный;Заднего вида;Передние;Есть
https://dvizhok.su/i/files2/auto/2019/10/KIA_Seltos_specs_unoffisial_2.jpg;1419900;KIA;Seltos;Южная корея;Россия;Luxe АVT AWD;Кроссовер;5;433;4370;1800;1615;185;1430;5;5;92;121;12,6;8;1,6;АКПП;Полный;Обычный;Заднего вида;Передние;Есть
https://dvizhok.su/i/files2/auto/2019/10/KIA_Seltos_specs_unoffisial_2.jpg;1379900;KIA;Seltos;Южная корея;Россия;Style АКПП FWD;Кроссовер;5;433;4370;1800;1615;185;1430;5;5;92;123;12,3;7,4;1,6;АКПП;Передний;Обычный;Заднего вида;Передние;Есть
https://dvizhok.su/i/files2/auto/2019/10/KIA_Seltos_specs_unoffisial_2.jpg;1409900;KIA;Seltos;Южная корея;Россия;Style CVT FWD;Кроссовер;5;433;4370;1800;1615;185;1430;5;5;92;149;9,6;6,8;2;Вариатор;Передний;Обычный;Заднего вида;Передние;Есть
https://dvizhok.su/i/files2/auto/2019/10/KIA_Seltos_specs_unoffisial_2.jpg;1459900;KIA;Seltos;Южная корея;Россия;Style АКПП AWD;Кроссовер;5;433;4370;1800;1615;185;1430;5;5;92;121;12,6;8;1,6;АКПП;Полный;Обычный;Заднего вида;Передние;Есть
https://dvizhok.su/i/files2/auto/2019/10/KIA_Seltos_specs_unoffisial_2.jpg;1489900;KIA;Seltos;Южная корея;Россия;Style CVT AWD;Кроссовер;5;433;4370;1800;1615;185;1430;5;5;92;149;10,4;7,3;2;Вариатор;Полный;Обычный;Заднего вида;Передние;Есть
https://dvizhok.su/i/files2/auto/2019/10/KIA_Seltos_specs_unoffisial_2.jpg;1539900;KIA;Seltos;Южная корея;Россия;Prestige CVT FWD;Кроссовер;5;433;4370;1800;1615;185;1430;5;5;92;149;9,6;6,8;2;Вариатор;Передний;Обычный;Заднего вида;Все;Есть
https://dvizhok.su/i/files2/auto/2019/10/KIA_Seltos_specs_unoffisial_2.jpg;1589900;KIA;Seltos;Южная корея;Россия;Prestige АКПП;Кроссовер;5;433;4370;1800;1615;185;1430;5;5;92;121;12,6;8;1,6;АКПП;Полный;Обычный;Заднего вида;Все;Есть
https://dvizhok.su/i/files2/auto/2019/10/KIA_Seltos_specs_unoffisial_2.jpg;1619900;KIA;Seltos;Южная корея;Россия;Prestige CVT AWD;Кроссовер;5;433;4370;1800;1615;185;1430;5;5;92;149;10,4;7,3;2;Вариатор;Полный;Обычный;Заднего вида;Все;Есть
https://dvizhok.su/i/files2/auto/2019/10/KIA_Seltos_specs_unoffisial_2.jpg;1789900;KIA;Seltos;Южная корея;Россия;Prestige РКПП;Кроссовер;5;433;4370;1800;1615;185;1430;5;5;92;177;8,4;7,6;1,6;РКПП;Полный;Обычный;Заднего вида;Все;Есть
https://dvizhok.su/i/files2/auto/2019/10/KIA_Seltos_specs_unoffisial_2.jpg;1829900;KIA;Seltos;Южная корея;Россия;Premium 2.0;Кроссовер;5;433;4370;1800;1615;185;1430;5;5;92;149;10,4;7,3;2;Вариатор;Полный;Адаптивный;Заднего вида;Все;Есть
https://dvizhok.su/i/files2/auto/2019/10/KIA_Seltos_specs_unoffisial_2.jpg;1999900;KIA;Seltos;Южная корея;Россия;Premium 1.6;Кроссовер;5;433;4370;1800;1615;185;1430;5;5;92;177;8,4;7,6;1,6;РКПП;Полный;Адаптивный;Заднего вида;Все;Есть
https://regnum.ru/uploads/pictures/news/2019/02/04/regnum_picture_15492605914848193_normal.jpg;1444900;KIA;Sportage;Южная корея;Россия;Classic;Кроссовер;5;491;4485;1855;1645;182;1463;5;5;95;150;10,5;7,9;2;МКПП;Передний;Нет;Нет;Нет;Нет
https://regnum.ru/uploads/pictures/news/2019/02/04/regnum_picture_15492605914848193_normal.jpg;1524900;KIA;Sportage;Южная корея;Россия;Classic Тёплые Опции МКПП FWD;Кроссовер;5;491;4485;1855;1645;182;1463;5;5;95;150;10,5;7,9;2;МКПП;Передний;Нет;Нет;Передние;Нет
https://regnum.ru/uploads/pictures/news/2019/02/04/regnum_picture_15492605914848193_normal.jpg;1564900;KIA;Sportage;Южная корея;Россия;Classic Тёплые Опции АКПП;Кроссовер;5;491;4485;1855;1645;182;1463;5;5;95;150;11,1;7,9;2;АКПП;Передний;Нет;Нет;Передние;Нет
https://regnum.ru/uploads/pictures/news/2019/02/04/regnum_picture_15492605914848193_normal.jpg;1604900;KIA;Sportage;Южная корея;Россия;Classic Тёплые Опции МКПП AWD;Кроссовер;5;491;4485;1855;1645;182;1463;5;5;95;150;11,1;8,2;2;МКПП;Полный;Нет;Нет;Передние;Нет
https://regnum.ru/uploads/pictures/news/2019/02/04/regnum_picture_15492605914848193_normal.jpg;1609900;KIA;Sportage;Южная корея;Россия;Comfort МКПП FWD;Кроссовер;5;491;4485;1855;1645;182;1463;5;5;95;150;10,5;7,9;2;МКПП;Передний;Обычный;Нет;Все;Есть
https://regnum.ru/uploads/pictures/news/2019/02/04/regnum_picture_15492605914848193_normal.jpg;1649900;KIA;Sportage;Южная корея;Россия;Comfort АКПП FWD;Кроссовер;5;491;4485;1855;1645;182;1463;5;5;95;150;11,1;7,9;2;АКПП;Передний;Обычный;Нет;Все;Есть
https://regnum.ru/uploads/pictures/news/2019/02/04/regnum_picture_15492605914848193_normal.jpg;1689900;KIA;Sportage;Южная корея;Россия;Comfort МКПП AWD;Кроссовер;5;491;4485;1855;1645;182;1463;5;5;95;150;11,1;8,2;2;МКПП;Полный;Обычный;Нет;Все;Есть
https://regnum.ru/uploads/pictures/news/2019/02/04/regnum_picture_15492605914848193_normal.jpg;1729900;KIA;Sportage;Южная корея;Россия;Comfort АКПП AWD;Кроссовер;5;491;4485;1855;1645;182;1463;5;5;95;150;11,6;8,3;2;АКПП;Полный;Обычный;Нет;Все;Есть
https://regnum.ru/uploads/pictures/news/2019/02/04/regnum_picture_15492605914848193_normal.jpg;1699900;KIA;Sportage;Южная корея;Россия;Luxe АКПП FWD;Кроссовер;5;491;4485;1855;1645;182;1463;5;5;95;150;11,1;7,9;2;АКПП;Передний;Обычный;Заднего вида;Все;Есть
https://regnum.ru/uploads/pictures/news/2019/02/04/regnum_picture_15492605914848193_normal.jpg;1739900;KIA;Sportage;Южная корея;Россия;Luxe МКПП;Кроссовер;5;491;4485;1855;1645;182;1463;5;5;95;150;11,1;8,2;2;МКПП;Полный;Обычный;Заднего вида;Все;Есть
https://regnum.ru/uploads/pictures/news/2019/02/04/regnum_picture_15492605914848193_normal.jpg;1779900;KIA;Sportage;Южная корея;Россия;Luxe АКПП AWD;Кроссовер;5;491;4485;1855;1645;182;1463;5;5;95;150;11,6;8,3;2;АКПП;Полный;Обычный;Заднего вида;Все;Есть
https://regnum.ru/uploads/pictures/news/2019/02/04/regnum_picture_15492605914848193_normal.jpg;1759900;KIA;Sportage;Южная корея;Россия;Luxe + FWD;Кроссовер;5;491;4485;1855;1645;182;1463;5;5;95;150;11,1;7,9;2;АКПП;Передний;Обычный;Заднего вида;Все;Есть
https://regnum.ru/uploads/pictures/news/2019/02/04/regnum_picture_15492605914848193_normal.jpg;1839900;KIA;Sportage;Южная корея;Россия;Luxe + AWD;Кроссовер;5;491;4485;1855;1645;182;1463;5;5;95;150;11,6;8,3;2;АКПП;Полный;Обычный;Заднего вида;Все;Есть
https://regnum.ru/uploads/pictures/news/2019/02/04/regnum_picture_15492605914848193_normal.jpg;1964900;KIA;Sportage;Южная корея;Россия;Prestige 2.0;Кроссовер;5;491;4485;1855;1645;182;1463;5;5;95;150;11,6;8,3;2;АКПП;Полный;Обычный;Заднего вида;Все;Есть
https://regnum.ru/uploads/pictures/news/2019/02/04/regnum_picture_15492605914848193_normal.jpg;2074900;KIA;Sportage;Южная корея;Россия;Prestige 2.4;Кроссовер;5;491;4485;1855;1645;182;1463;5;5;95;184;9,6;8,6;2,4;АКПП;Полный;Обычный;Заднего вида;Все;Есть
https://regnum.ru/uploads/pictures/news/2019/02/04/regnum_picture_15492605914848193_normal.jpg;2184900;KIA;Sportage;Южная корея;Россия;GT Line;Кроссовер;5;491;4485;1855;1645;182;1463;5;5;95;184;9,6;8,6;2,4;АКПП;Полный;Обычный;Заднего вида;Все;Есть
https://regnum.ru/uploads/pictures/news/2019/02/04/regnum_picture_15492605914848193_normal.jpg;2314900;KIA;Sportage;Южная корея;Россия;Premium;Кроссовер;5;491;4485;1855;1645;182;1463;5;5;95;184;9,6;8,6;2,4;АКПП;Полный;Адаптивный;Заднего вида;Все;Есть
https://kia.irbis-auto.ru/img/rotator/sorento.jpg;1839900;KIA;Sorento;Южная корея;Россия;Classic АКПП FWD;Кроссовер;5;530;4685;1885;1735;185;1550;5;5;95;175;10,8;8,6;2,4;АКПП;Передний;Обычный;Нет;Передние;Нет
https://kia.irbis-auto.ru/img/rotator/sorento.jpg;1889900;KIA;Sorento;Южная корея;Россия;Classic МКПП AWD;Кроссовер;5;530;4685;1885;1735;185;1550;5;5;95;175;11;8,8;2,4;МКПП;Полный;Обычный;Нет;Передние;Нет
https://kia.irbis-auto.ru/img/rotator/sorento.jpg;1939900;KIA;Sorento;Южная корея;Россия;Classic АКПП AWD;Кроссовер;5;530;4685;1885;1735;185;1550;5;5;95;175;11,5;8,8;2,4;АКПП;Полный;Обычный;Нет;Передние;Нет
https://kia.irbis-auto.ru/img/rotator/sorento.jpg;1994900;KIA;Sorento;Южная корея;Россия;Comfort;Кроссовер;5;530;4685;1885;1735;185;1550;5;5;95;175;11,5;8,8;2,4;АКПП;Полный;Обычный;Нет;Все;Есть
https://kia.irbis-auto.ru/img/rotator/sorento.jpg;2074900;KIA;Sorento;Южная корея;Россия;Luxe 2.4;Кроссовер;5;530;4685;1885;1735;185;1550;5;5;95;175;11,5;8,8;2,4;АКПП;Полный;Обычный;Заднего вида;Все;Есть
https://kia.irbis-auto.ru/img/rotator/sorento.jpg;2204900;KIA;Sorento;Южная корея;Россия;Luxe 2.2;Кроссовер;5;530;4685;1885;1735;185;1550;5;5;ДТ;197;9,9;6,7;2,2;АКПП;Полный;Обычный;Заднего вида;Все;Есть
https://kia.irbis-auto.ru/img/rotator/sorento.jpg;2229900;KIA;Sorento;Южная корея;Россия;Prestige 2.4;Кроссовер;5;530;4685;1885;1735;185;1550;5;5;95;175;11,5;8,8;2,4;АКПП;Полный;Обычный;Заднего вида;Все;Есть
https://kia.irbis-auto.ru/img/rotator/sorento.jpg;2359900;KIA;Sorento;Южная корея;Россия;Prestige 2.2;Кроссовер;5;530;4685;1885;1735;185;1550;5;5;ДТ;197;9,9;6,7;2,2;АКПП;Полный;Обычный;Заднего вида;Все;Есть
https://s1.stc.all.kpcdn.net/putevoditel/projectid_346574/images/tild3262-6331-4336-b939-623239373639__kia.jpg;2104900;KIA;Sorento Prime;Южная корея;Россия;Classic;Кроссовер;5;660;4800;1890;1690;185;1505;5;5;95;188;10,05;9,2;2,4;АКПП;Передний;Обычный;Нет;Все;Есть
https://s1.stc.all.kpcdn.net/putevoditel/projectid_346574/images/tild3262-6331-4336-b939-623239373639__kia.jpg;2254900;KIA;Sorento Prime;Южная корея;Россия;Comfort;Кроссовер;5;660;4800;1890;1690;185;1505;5;5;95;188;10,5;9,2;2,4;АКПП;Полный;Обычный;Заднего вида;Все;Есть
https://s1.stc.all.kpcdn.net/putevoditel/projectid_346574/images/tild3262-6331-4336-b939-623239373639__kia.jpg;2374900;KIA;Sorento Prime;Южная корея;Россия;Luxe 2.2;Кроссовер;5;660;4800;1890;1690;185;1505;5;5;ДТ;200;9,4;6,5;2,2;АКПП;Полный;Обычный;Заднего вида;Все;Есть
https://s1.stc.all.kpcdn.net/putevoditel/projectid_346574/images/tild3262-6331-4336-b939-623239373639__kia.jpg;2534900;KIA;Sorento Prime;Южная корея;Россия;Luxe 2.4;Кроссовер;5;660;4800;1890;1690;185;1505;5;5;95;188;10,05;9,2;2,4;АКПП;Полный;Обычный;Заднего вида;Все;Есть
https://s1.stc.all.kpcdn.net/putevoditel/projectid_346574/images/tild3262-6331-4336-b939-623239373639__kia.jpg;3549900;KIA;Sorento Prime;Южная корея;Россия;Prestige 2.4;Кроссовер;7;142;4800;1890;1690;185;1505;5;5;95;188;10,05;9,2;2,4;АКПП;Полный;Обычный;Заднего вида;Все;Есть
https://s1.stc.all.kpcdn.net/putevoditel/projectid_346574/images/tild3262-6331-4336-b939-623239373639__kia.jpg;2709900;KIA;Sorento Prime;Южная корея;Россия;Prestige 2.2;Кроссовер;7;142;4800;1890;1690;185;1505;5;5;ДТ;200;9,4;6,5;2,2;АКПП;Полный;Обычный;Заднего вида;Все;Есть
https://s1.stc.all.kpcdn.net/putevoditel/projectid_346574/images/tild3262-6331-4336-b939-623239373639__kia.jpg;2769900;KIA;Sorento Prime;Южная корея;Россия;Prestige 3.5;Кроссовер;7;142;4800;1890;1690;185;1505;5;5;95;249;7,8;10,4;3,5;АКПП;Полный;Обычный;Заднего вида;Все;Есть
https://s1.stc.all.kpcdn.net/putevoditel/projectid_346574/images/tild3262-6331-4336-b939-623239373639__kia.jpg;2629900;KIA;Sorento Prime;Южная корея;Россия;Prestige+ 2.4;Кроссовер;7;142;4800;1890;1690;185;1505;5;5;95;188;10,05;9,2;2,4;АКПП;Полный;Обычный;Круговой обзор;Все;Есть
https://s1.stc.all.kpcdn.net/putevoditel/projectid_346574/images/tild3262-6331-4336-b939-623239373639__kia.jpg;2789900;KIA;Sorento Prime;Южная корея;Россия;Prestige+ 2.2;Кроссовер;7;142;4800;1890;1690;185;1505;5;5;ДТ;200;9,4;6,5;2,2;АКПП;Полный;Обычный;Круговой обзор;Все;Есть
https://s1.stc.all.kpcdn.net/putevoditel/projectid_346574/images/tild3262-6331-4336-b939-623239373639__kia.jpg;2974900;KIA;Sorento Prime;Южная корея;Россия;Premium 2.2;Кроссовер;7;142;4800;1890;1690;185;1505;5;5;ДТ;200;9,4;6,5;2,2;АКПП;Полный;Обычный;Круговой обзор;Все;Есть
https://s1.stc.all.kpcdn.net/putevoditel/projectid_346574/images/tild3262-6331-4336-b939-623239373639__kia.jpg;3034900;KIA;Sorento Prime;Южная корея;Россия;Premium 3.5;Кроссовер;7;142;4800;1890;1690;185;1505;5;5;95;249;7,8;10,4;3,5;АКПП;Полный;Обычный;Круговой обзор;Все;Есть
https://s1.stc.all.kpcdn.net/putevoditel/projectid_346574/images/tild3262-6331-4336-b939-623239373639__kia.jpg;2994900;KIA;Sorento Prime;Южная корея;Россия;GT Line 2.2;Кроссовер;5;660;4800;1890;1690;185;1505;5;5;ДТ;200;9,4;6,5;2,2;АКПП;Полный;Обычный;Круговой обзор;Все;Есть
https://s1.stc.all.kpcdn.net/putevoditel/projectid_346574/images/tild3262-6331-4336-b939-623239373639__kia.jpg;3054900;KIA;Sorento Prime;Южная корея;Россия;GT Line 3.5;Кроссовер;5;660;4800;1890;1690;185;1505;5;5;95;249;7,8;10,4;3,5;АКПП;Полный;Обычный;Круговой обзор;Все;Есть
https://s.auto.drom.ru/i24208/c/photos/fullsize/kia/mohave/kia_mohave_701003.jpg;2869900;KIA;Mohave;Южная корея;Россия;Luxe;Внедорожник;7;350;4930;1915;1765;217;1548;4;5;ДТ;250;8,7;9,3;3;АКПП;Полный;Обычный;Нет;Все;Есть
https://s.auto.drom.ru/i24208/c/photos/fullsize/kia/mohave/kia_mohave_701003.jpg;3099900;KIA;Mohave;Южная корея;Россия;Premium;Внедорожник;7;350;4930;1915;1765;217;1548;4;5;ДТ;250;8,7;9,3;3;АКПП;Полный;Обычный;Круговой обзор;Все;Есть
